Data Medicao;Hora Medicao;PRECIPITACAO TOTAL, HORARIO(mm);PRESSAO ATMOSFERICA AO NIVEL DA ESTACAO, HORARIA(mB);PRESSAO ATMOSFERICA REDUZIDA NIVEL DO MAR, AUT(mB);PRESSAO ATMOSFERICA MAX.NA HORA ANT. (AUT)(mB);PRESSAO ATMOSFERICA MIN. NA HORA ANT. (AUT)(mB);RADIACAO GLOBAL(Kj/m²);Rad. Global (MJ/ma^2);TEMPERATURA DA CPU DA ESTACAO(°C);TEMPERATURA DO AR - BULBO SECO, HORARIA(°C);TEMPERATURA DO PONTO DE ORVALHO(°C);TEMPERATURA MAXIMA NA HORA ANT. (AUT)(°C);TEMPERATURA MINIMA NA HORA ANT. (AUT)(°C);TEMPERATURA ORVALHO MAX. NA HORA ANT. (AUT)(°C);TEMPERATURA ORVALHO MIN. NA HORA ANT. (AUT)(°C);TENSAO DA BATERIA DA ESTACAO(V);UMIDADE REL. MAX. NA HORA ANT. (AUT)(%);UMIDADE REL. MIN. NA HORA ANT. (AUT)(%);UMIDADE RELATIVA DO AR, HORARIA(%);VENTO, DIRECAO HORARIA (gr)(° (gr));;VENTO, VELOCIDADE HORARIA(m/s);Unnamed: 22
01/01/2024;1150;0;1004,56875;1011,73125;1004,927083;1004,285417;510,0833333;0,510083333;29,47916667;27,93333333;23,87291667;28,39791667;27,40625;24,34375;23,36041667;13,0375;82,39583333;76,60416667;79,27083333;128,8125;;1,09375;
02/01/2024;1150;0;1004,004167;1011,1625;1004,333333;1003,683333;597,3916667;0,597391667;30,66666667;28,78333333;24,85416667;29,20833333;28,44166667;25,3375;24,45;13,0625;82,04166667;77,375;79,66666667;112,5416667;;1,475;
03/01/2024;1150;0;1003,76875;1010,93125;1004,05625;1003,460417;615,3354167;0,615335417;30,52083333;28,94375;24,17708333;29,41875;28,52708333;24,76458333;23,825;13,04791667;79,39583333;74,35416667;76,5625;65;;1,78125;
04/01/2024;1150;0,158333333;1003,695833;1010,84375;1003,970833;1003,35;693,6708333;0,693670833;31,47916667;29,50416667;23,54375;30,24583333;29,01666667;24,15833333;23,11458333;13,04791667;74,1875;67,9375;71,5625;66,5;;1,683333333;
05/01/2024;1150;0;1005,445833;1012,679167;1005,7125;1005,145833;320,2375;0,3202375;28,125;26,1875;23,25416667;26,60416667;25,90833333;23,64583333;22,925;13,06666667;86,04166667;81,58333333;84,08333333;152,375;;1,55;
06/01/2024;1150;0,008333333;1005,164583;1012,366667;1005,510417;1004,83125;561,2416667;0,561241667;28,5625;26,92916667;23,16041667;27,22083333;26,60416667;23,42291667;22,83958333;13,06458333;82,25;78,75;80,39583333;54,02083333;;2,227083333;
07/01/2024;1150;0;1004,810417;1011,98125;1005,1375;1004,541667;744,0791667;0,744079167;29,9375;28,3375;23,40416667;28,89166667;27,71875;23,94791667;23,02083333;13,03541667;78,9375;73,70833333;76,10416667;89,20833333;;1,685416667;
08/01/2024;1150;0,108333333;1003,35;1010,491667;1003,654167;1003,054167;741,0416667;0,741041667;31,20833333;29,325;23,075;30,13333333;28,675;23,65833333;22,57916667;13,025;73,625;66,04166667;70;51,70833333;;1,795833333;
09/01/2024;1150;0,383333333;1004,054167;1011,229167;1004,3875;1003,704167;386,5583333;0,386558333;29,16666667;27,77916667;23,57083333;28,15416667;27,10416667;23,9625;23,12083333;13,0375;81,875;75,29166667;78,125;49,41666667;;1,504166667;
10/01/2024;1150;0,041666667;1004,6375;1011,822917;1004,9875;1004,3125;570,55625;0,57055625;29,5;27,58333333;23,725;28,28125;27,06666667;24,20833333;23,2125;13,04583333;83,16666667;76,64583333;80,25;197,875;;1,008333333;
11/01/2024;1150;0,025;1005,029167;1012,241667;1005,3625;1004,641667;470,7125;0,4707125;29,04166667;26,9125;23,9625;27,675;26,38333333;24,50833333;23,60833333;13,05833333;87,29166667;81,375;84,33333333;152,625;;1,379166667;
12/01/2024;1150;0,175;1004,55;1011,729167;1004,85;1004,235417;441,975;0,441975;28,8125;26,99791667;23,32916667;27,66875;26,53125;23,77916667;22,92916667;12,98541667;83,5;77,47916667;80,95833333;107,75;;0,997916667;
13/01/2024;1150;0,3875;1004,679167;1011,88125;1005,002083;1004,385417;484,4625;0,4844625;28,41666667;26,94375;24,4;27,43541667;26,29583333;24,93958333;23,775;13,04375;89,70833333;83,1875;86,29166667;110,3333333;;1,110416667;
14/01/2024;1150;2,866666667;1006,766667;1014,022917;1007,075;1006,460417;289,4458333;0,289445833;26,9375;25,36041667;23,36458333;25,72291667;25,02083333;23,74791667;23,08958333;13,03125;91,5625;87,04166667;89,04166667;106,6041667;;1,2625;
15/01/2024;1150;0,016666667;1006,075;1013,3125;1006,4125;1005,766667;735,3583333;0,735358333;28,04166667;26,20416667;22,85416667;26,74166667;25,65833333;23,45;22,52083333;13,06666667;85,66666667;80,125;82,70833333;78;;1,504166667;
16/01/2024;1150;0,025;1004,725;1011,914583;1005,089583;1004,433333;812,8625;0,8128625;29,22916667;27,91041667;23,32708333;28,26041667;27,28541667;23,70208333;22,87291667;13,04583333;80,5;75,0625;77,20833333;69,22916667;;1,991666667;
17/01/2024;1150;0,033333333;1004,425;1011,579167;1004,729167;1004,141667;796,8166667;0,796816667;31,20833333;29,52916667;23,39166667;30,07083333;28,8125;23,86666667;22,89166667;13,04166667;73,58333333;67;70,16666667;70,95833333;;1,804166667;
18/01/2024;1150;0,391666667;1004,5375;1011,683333;1004,85;1004,208333;819,0208333;0,819020833;31,41666667;29,3125;24,31666667;30,04166667;28,775;24,8;23,75;13,025;78,16666667;71,75;75,58333333;104,625;;1,570833333;
19/01/2024;1150;0;1004,695833;1011,854167;1005,0375;1004,383333;720,75;0,72075;30,375;28,97083333;23,54583333;29,425;28,44166667;24,13333333;23,19583333;13,03333333;76,95833333;71,66666667;73,75;62,70833333;;1,604166667;
20/01/2024;1150;0,016666667;1004,525;1011,6875;1004,85;1004,170833;677,2;0,6772;31,08333333;29,0375;23,45;29,73333333;28,575;23,92083333;22,9625;13,05833333;75,16666667;69,04166667;72,66666667;49,33333333;;2,025;
21/01/2024;1150;0,333333333;1004,8125;1011,9625;1005,158333;1004,4625;737,625;0,737625;30,91666667;29,00416667;23,8375;29,94583333;28,19583333;24,3875;23,24583333;13,025;78,91666667;70,66666667;75;122,875;;1,091666667;
22/01/2024;1150;0;1005,633333;1012,7875;1005,970833;1005,325;636,775;0,636775;30,33333333;28,58333333;24,275;29,26666667;27,94583333;24,94583333;23,67083333;13,02083333;82,25;75,08333333;78,625;141,3333333;;1,195833333;
23/01/2024;1150;0;1005,920833;1013,108333;1006,229167;1005,6125;576;0,576;30,625;28,31666667;23,68333333;28,9875;27,86666667;24,225;23,27083333;13,0625;78,91666667;73,625;76;106,8333333;;1,470833333;
24/01/2024;1150;0,008333333;1004,979167;1012,1375;1005,3;1004,695833;689,3875;0,6893875;30,375;28,525;23,16666667;29,2;27,9375;23,6875;22,61666667;13,03333333;77;70,5;73,91666667;101,0416667;;1,1125;
25/01/2024;1150;0,35;1004,229167;1011,391667;1004,55;1003,895833;706,775;0,706775;30,95833333;28,66666667;23,94166667;29,60416667;28,16666667;24,55833333;23,50833333;13,03333333;79,375;72,66666667;76,58333333;109,3333333;;1,383333333;
26/01/2024;1150;0,3;1005,558333;1012,75;1005,9;1005,229167;330,0416667;0,330041667;28,25;26,55416667;23,82083333;26,99583333;26,14166667;24,25833333;23,48333333;13,00416667;88,08333333;82,5;85,16666667;103,875;;1,366666667;
27/01/2024;1150;0,05;1005,866667;1013,066667;1006,195833;1005,533333;378,1083333;0,378108333;28,41666667;26,8375;23,76666667;27,1375;26,49166667;24,14583333;23,44166667;13,0375;86,16666667;81,79166667;83,75;128,2916667;;1,666666667;
28/01/2024;1150;0,041666667;1005,629167;1012,791667;1005,933333;1005,283333;782,3916667;0,782391667;30,29166667;28,60833333;23,675;29,1375;28,01666667;24,17083333;23,1625;13,03333333;79,25;73,25;76;61,04166667;;1,954166667;
29/01/2024;1150;0,016666667;1006;1013,191667;1006,3875;1005,70625;526,325;0,526325;30,29166667;28,57708333;24,15416667;28,96458333;27,95833333;24,63333333;23,74583333;13,01458333;81,45833333;76,04166667;78,20833333;108,7291667;;1,629166667;
30/01/2024;1150;0;1004,725;1011,85;1005,058333;1004,404167;979,9833333;0,979983333;32;30,11666667;24,375;30,71666667;29,575;24,83333333;23,9375;13,04583333;74,91666667;69,54166667;72,29166667;79,04166667;;2,041666667;
31/01/2024;1150;0;1004,266667;1011,408333;1004,629167;1003,916667;819,3583333;0,819358333;31,29166667;29,5125;23,9125;29,92083333;28,90833333;24,35;23,5;13,04583333;75,33333333;70,91666667;72,75;68,375;;2,204166667;
01/02/2024;1150;1,925;1005,341667;1012,560417;1005,629167;1004,966667;73,84583333;0,073845833;28,3125;26,79583333;24,43541667;27,29583333;26,58333333;24,75416667;24,11666667;12,83958333;88,89583333;84,39583333;87,1875;160,2916667;;1,108333333;
02/02/2024;1150;0;1005,259375;1012,494792;1005,630208;1004,995833;474,3572917;0,474357292;28,04166667;26,57604167;23,9;27,04375;26,18125;24,321875;23,6125;12,99583333;88,25;84,04166667;86,11458333;119,6979167;;1,047916667;
03/02/2024;1150;0,116666667;1004,046875;1011,221875;1004,457292;1003,816667;725,1177083;0,725117708;29,60416667;27,68229167;23,80208333;28,17916667;27,08333333;24,18854167;23,29375;13,075;83,27083333;77,04166667;80,21875;65,32291667;;2,077083333;
04/02/2024;1150;0;1002,975;1010,104167;1003,283333;1002,670833;852,0125;0,8520125;31,5;29,7125;24,50416667;30,0625;29,225;24,85833333;24,15416667;12,89166667;77,58333333;73;74,75;97,95833333;;1,6875;
05/02/2024;1150;0,575;1003,429167;1010,570833;1003,833333;1003,091667;957,6333333;0,957633333;31,16666667;29,225;23,35;29,7875;28,57083333;23,87083333;22,79166667;12,89583333;74,91666667;69,04166667;71,75;106,75;;1,745833333;
06/02/2024;1150;0;1003,829167;1010,9625;1004,179167;1003,458333;827,9416667;0,827941667;31,66666667;30,09166667;24,25833333;30,77083333;29,62916667;24,69583333;23,82083333;13,05416667;74,08333333;68,41666667;71,58333333;86,91666667;;1,729166667;
07/02/2024;1150;0;1004,65;1011,804167;1005,008333;1004,266667;795,85;0,79585;31,08333333;29,35;23,49583333;29,91666667;28,79166667;23,97916667;23,10833333;13,07083333;74,5;68,70833333;71,25;62,95833333;;1,65;
08/02/2024;1150;0;1004,241667;1011,379167;1004,666667;1003,9125;707,6625;0,7076625;31,375;29,5625;24,375;30,15833333;29,05833333;24,88333333;23,92916667;13,06666667;77,375;72,04166667;74,79166667;99,54166667;;1,4;
09/02/2024;1150;0,725;1004,958333;1012,154167;1005,341667;1004,616667;315,6958333;0,315695833;29,66666667;27,98333333;24,78333333;28,5375;27,53333333;25,1625;24,375;13,07083333;85,5;79,875;82,91666667;102,1666667;;1,2625;
10/02/2024;1150;1,466666667;1004,1125;1011,275;1004,516667;1003,745833;848,7333333;0,848733333;29,83333333;28,3;24,625;28,98333333;27,54583333;25,08333333;24,20416667;13,05416667;84,45833333;78,70833333;81,54166667;108,7083333;;1,504166667;
11/02/2024;1150;0,233333333;1003,68125;1010,85625;1004,014583;1003,304167;613,94375;0,61394375;29,58333333;28,26666667;24,48958333;28,84583333;27,51041667;25,0125;23,99375;13,05833333;85,16666667;77,54166667;80,6875;84,66666667;;1,714583333;
12/02/2024;1150;0,733333333;1004,508333;1011,704167;1004,875;1004,183333;591,4958333;0,591495833;28,70833333;27,0625;23,775;27,94166667;26,375;24,42916667;23,3125;13,04583333;87;78,5;82,79166667;95,70833333;;1,6;
13/02/2024;1150;1,991666667;1006,0625;1013,316667;1006,3875;1005,7;364,5541667;0,364554167;27,54166667;26,2125;23,99583333;26,5375;25,75;24,32916667;23,6875;13,025;90,54166667;86,29166667;88,16666667;91,66666667;;1,3125;
14/02/2024;1150;1,075;1006,654167;1013,866667;1006,933333;1006,370833;617,0791667;0,617079167;29;27,49166667;23,85833333;27,94166667;26,9625;24,27083333;23,4625;13,09166667;84,16666667;79,25;81,54166667;74,75;;1,766666667;
15/02/2024;1150;0,1125;1006,1;1013,283333;1006,445833;1005,779167;562,8958333;0,562895833;29,5;27,94375;24,43125;28,67291667;27,36875;24,72708333;24,01041667;13,07083333;85,02083333;77,89583333;81,8125;104,4375;;1,352083333;
16/02/2024;1150;0;1005,9125;1013,083333;1006,283333;1005,654167;770,85;0,77085;30;28,47916667;23,85833333;28,85416667;28,02916667;24,24583333;23,55416667;13,05833333;80;75,58333333;77,5;119,4583333;;1,583333333;
17/02/2024;1150;0,383333333;1004,695833;1011,854167;1005,0625;1004,4;560,6333333;0,560633333;30,25;28,75416667;23,67916667;29,40833333;27,99166667;24,14166667;23,25833333;13,06666667;78,29166667;71;74,625;54,625;;1,579166667;
18/02/2024;1150;1,025;1004,945833;1012,175;1005,325;1004,479167;193,6291667;0,193629167;28,04166667;26,67916667;24,77916667;27,125;26,29583333;25,17083333;24,33333333;12,97916667;91,625;86,5;89,54166667;125,5;;1,058333333;
19/02/2024;1150;0,016666667;1004,98125;1012,139583;1005,264583;1004,695833;690,2520833;0,690252083;30;28,53541667;23,53333333;29,10416667;27,9625;24,10625;23,05625;13,05;79,375;73,10416667;75,79166667;73,10416667;;1,44375;
20/02/2024;1150;0;1004,064583;1011,1875;1004,39375;1003,85625;1008,958333;1,008958333;31,5;30,04375;20,98333333;30,6375;29,46458333;21,61875;20,62916667;13,04375;63,5;58,08333333;60,375;63,02083333;;1,920833333;
21/02/2024;1150;0;1002,816667;1009,920833;1003,116667;1002,520833;1008,5625;1,0085625;32,16666667;30,64583333;20,75833333;31,17083333;30,10416667;21,17083333;20,3;13,05;58,79166667;54,125;56,45833333;49,125;;2,1;
22/02/2024;1150;0;1002,266667;1009,354167;1002,558333;1001,975;943,9333333;0,943933333;32,5;31,02916667;21,56666667;31,5;30,44583333;21,97083333;21,02916667;13,04583333;60,375;55,66666667;57,91666667;62,91666667;;2,1375;
23/02/2024;1150;0;1002,858333;1009,954167;1003,091667;1002,579167;858,5791667;0,858579167;32,58333333;30,99166667;22,84583333;31,50416667;30,48333333;23,1875;22,4375;13,05;64,91666667;60,75;62,83333333;67,5;;2,391666667;
24/02/2024;1150;0,408333333;1003,802083;1010,935417;1004,091667;1003,483333;763,7916667;0,763791667;31,8125;30,14166667;23,24166667;30,84583333;29,48333333;23,71041667;22,8125;13,08541667;69,97916667;63,9375;66,85416667;77,91666667;;2,191666667;
25/02/2024;1150;0,941666667;1005,220833;1012,397917;1005,55;1004,772917;594,05;0,59405;29,77083333;27,925;24,09166667;28,61041667;27,44583333;24,54166667;23,62708333;13,06458333;82,625;76,5625;80,25;74,14583333;;1,977083333;
26/02/2024;1150;0,708333333;1006,858333;1014,116667;1007,104167;1006,566667;272,9083333;0,272908333;26,91666667;25,37916667;23,55;25,6625;25,09583333;23,85833333;23,3125;13,09166667;91,70833333;88,16666667;89,95833333;145,9583333;;1,383333333;
27/02/2024;1150;0,225;1005,741667;1012,983333;1006,075;1005,529167;651,4708333;0,651470833;27,625;26,19583333;23,29583333;26,7;25,65416667;23,75;22,7125;13,0625;88,04166667;81,79166667;84,875;118,9166667;;1,1125;
28/02/2024;1150;0;1004,725;1011,895833;1005,020833;1004,4375;855,3083333;0,855308333;29,75;28,14166667;24,02916667;28,675;27,6125;24,55;23,55;13,04166667;82,875;76,54166667;79,625;91,41666667;;1,133333333;
29/02/2024;1150;0;1004,8125;1011,970833;1005,183333;1004,483333;891,7333333;0,891733333;31;29,04583333;24,0375;29,57083333;28,55416667;24,47916667;23,46666667;13,05833333;78,08333333;72,25;75,41666667;91,5;;1,583333333;
01/03/2024;1150;0;1004,670833;1011,8375;1005,066667;1004,316667;631,6666667;0,631666667;30,25;28,6625;24,3625;29,00833333;28,1625;24,69583333;24,00416667;13,0375;80,70833333;76,16666667;78,29166667;108,4166667;;1,779166667;
02/03/2024;1150;2,741666667;1005,520833;1012,75;1005,879167;1005,070833;352,275;0,352275;28,45833333;26,57916667;23,9125;27,275;26,125;24,32083333;23,44166667;12,94583333;88,70833333;81,95833333;86,125;154,3333333;;0,958333333;
03/03/2024;1150;0,008333333;1005,977083;1013,210417;1006,29375;1005,683333;533,7333333;0,533733333;28,66666667;26,85416667;23,36458333;27,13541667;26,50833333;23,8625;23,10625;13,01875;84,625;80,70833333;82,02083333;254,0833333;;1,189583333;
04/03/2024;1150;0,775;1005,2625;1012,45;1005,595833;1004,9375;299,775;0,299775;29,25;27,54583333;24,42916667;28,10416667;27,175;24,775;23,96666667;13,0125;85,95833333;79,95833333;83,54166667;111,1666667;;1,1875;
05/03/2024;1150;0;1004,502083;1011,64375;1004,860417;1004,2125;1034,608333;1,034608333;29,89583333;28,7;23,62291667;29,025;28,175;24,06041667;23,18125;13,03958333;78,66666667;74,04166667;76,14583333;86,54166667;;1,770833333;
06/03/2024;1150;0;1003,154167;1010,2625;1003,479167;1002,8875;986,4416667;0,986441667;32,16666667;30,6875;24,07083333;31,09166667;30,15416667;24,44583333;23,58333333;13,05416667;71,25;66,375;68,75;72,375;;1,833333333;
07/03/2024;1150;0;1003,691667;1010,816667;1004,054167;1003,279167;781,4875;0,7814875;32,29166667;30,22083333;24,425;30,90833333;29,79583333;24,82916667;24,04583333;13,04166667;73,79166667;68,45833333;71,75;58,08333333;;1,770833333;
08/03/2024;1150;0,141666667;1004,91875;1012,09375;1005,310417;1004,479167;598,8375;0,5988375;30,10416667;28,26875;24,35;28,87708333;27,83333333;24,82916667;23,90416667;13,04166667;82,97916667;76,10416667;80;69,89583333;;1,677083333;
09/03/2024;1150;0,375;1005,095833;1012,279167;1005,4;1004,808333;598,1208333;0,598120833;29,45833333;27,90416667;24,19583333;28,25833333;27,5125;24,58333333;23,86666667;13,05416667;83,58333333;78,70833333;80,91666667;87,29166667;;1,908333333;
10/03/2024;1150;0;1005,045833;1012,216667;1005,375;1004,720833;640,1791667;0,640179167;30,54166667;28,69583333;24,42916667;29,20416667;28,33333333;24,91666667;24,07083333;13,05833333;80,91666667;75,70833333;78,45833333;80,625;;1,6;
11/03/2024;1150;1,258333333;1006,183333;1013,375;1006,491667;1005,8;440,7291667;0,440729167;29,125;27,50833333;24,31666667;28,025;27;24,74166667;23,9875;13,0625;85,91666667;80,29166667;83,125;87,16666667;;1,645833333;
12/03/2024;1150;0;1005,270833;1012,425;1005,658333;1004,979167;829,1416667;0,829141667;30,29166667;28,7625;24,05833333;29,27916667;28,24583333;24,57083333;23,66666667;13,07083333;80,54166667;74,29166667;77;89,83333333;;1,479166667;
13/03/2024;1150;1,508333333;1005,26875;1012,470833;1005,66875;1004,827083;272,3208333;0,272320833;29,1875;27,79583333;24,45208333;28,48541667;27,29375;24,93333333;24,06041667;13,02083333;85,20833333;78,8125;82,52083333;94,6875;;1,19375;
14/03/2024;1150;0,266666667;1004,2625;1011,404167;1004,633333;1003,916667;885,275;0,885275;30;28,64166667;24,775;29,1375;27,95;25,1625;24,35;13,05;84,20833333;78;80,79166667;72,66666667;;1,558333333;
15/03/2024;1150;0,841666667;1002,925;1010,079167;1003,30625;1002,633333;502,6666667;0,502666667;30,5;28,86875;25,02083333;29,55208333;28,16041667;25,46666667;24,59583333;13,06875;83,41666667;76,85416667;80,3125;97,95833333;;1,354166667;
16/03/2024;1150;0,425;1003,145833;1010,3375;1003,529167;1002,725;342,4;0,3424;28,08333333;26,8375;24,52916667;27,22083333;26,45833333;24,96666667;24,23333333;13,06666667;90,08333333;85,45833333;87,45833333;95,08333333;;1,4375;
17/03/2024;1150;0,125;1004,091667;1011,266667;1004,4;1003,7625;494,2083333;0,494208333;29,04166667;27,43333333;24,72083333;27,8625;26,925;25,14166667;24,29166667;13,07083333;88,66666667;82,91666667;85,45833333;140,5833333;;1,220833333;
18/03/2024;1150;1,25;1004,370833;1011,591667;1004,704167;1004,058333;169,4708333;0,169470833;27,5;26,15416667;24,475;26,49166667;25,82083333;24,76666667;24,22083333;13,01666667;92,45833333;88,375;90,54166667;106,1666667;;1,054166667;
19/03/2024;1150;0,141666667;1004,779167;1011,979167;1005,166667;1004,420833;513,7875;0,5137875;28,5;26,86666667;24,07916667;27,37916667;26,44583333;24,50416667;23,65833333;13,03333333;87,79166667;82,45833333;85,20833333;150,125;;0,9125;
20/03/2024;1150;0,275;1004,029167;1011,225;1004,379167;1003,6625;394,2083333;0,394208333;28,83333333;27,16666667;24,66666667;27,59583333;26,69166667;25,12083333;24,325;13,07083333;89,375;83,75;86,58333333;140,2083333;;1,116666667;
21/03/2024;1150;1,133333333;1004,991667;1012,2125;1005,2875;1004,65;345,8;0,3458;27,875;26,49583333;24,3625;26,84583333;26,12083333;24,76666667;24,05;13,06666667;90,91666667;86,20833333;88,375;123,7083333;;1,108333333;
22/03/2024;1150;0,075;1004,1875;1011,366667;1004,5125;1003,870833;702,6916667;0,702691667;29,58333333;27,89583333;24,72083333;28,45416667;27,39583333;25,18333333;24,31666667;13,02916667;86,16666667;80,79166667;83,5;79,66666667;;1,470833333;
23/03/2024;1150;0,125;1003,583333;1010,758333;1003,925;1003,295833;548,2625;0,5482625;29,625;27,7375;24,6;28,2875;27,22916667;24,9625;24,225;12,975;85,95833333;80,66666667;83,45833333;94,16666667;;1,4;
24/03/2024;1150;3,95;1004,108333;1011,35;1004,429167;1003,7625;99,64166667;0,099641667;26,83333333;25,45416667;24,02083333;25,79166667;25,20833333;24,34583333;23,77916667;12,80833333;93,125;90,5;92,04166667;158,0416667;;1,229166667;
25/03/2024;1150;0,466666667;1003,916667;1011,154167;1004,245833;1003,620833;476,3333333;0,476333333;26,95833333;25,35416667;23,18333333;25,80833333;24,94583333;23,55;22,82916667;12,95416667;90,75;85,95833333;88,54166667;134,375;;1,066666667;
26/03/2024;1150;0;1002,985417;1010,14375;1003,377083;1002,720833;733,2229167;0,733222917;29,3125;28,0375;24,03541667;28,36875;27,53125;24,40833333;23,6875;13,05208333;83,14583333;78,08333333;80,04166667;65,04166667;;1,41875;
27/03/2024;1150;0;1002,204167;1009,3375;1002,466667;1001,8625;688,5375;0,6885375;31,41666667;29,71666667;24,875;30,10416667;29,4375;25,25416667;24,64166667;13,05833333;77,625;73,875;75,66666667;86;;1,779166667;
28/03/2024;1150;1,633333333;1005,5625;1012,8125;1005,958333;1005,1375;329,2;0,3292;27,20833333;25,29583333;22,9875;25,78333333;25,00833333;23,425;22,6875;13,07916667;89,41666667;85,29166667;87,45833333;111,5;;1,720833333;
29/03/2024;1150;0;1005,554167;1012,816667;1005,870833;1005,258333;264,2666667;0,264266667;26,70833333;25,45416667;23,0625;25,70833333;25,13333333;23,27083333;22,84583333;13,07083333;88,66666667;85,5;86,79166667;83,66666667;;1,191666667;
30/03/2024;1150;0;1004,754167;1011,9125;1005,058333;1004,4625;790,3333333;0,790333333;30,45833333;28,9875;24,37916667;29,35833333;28,50833333;24,74166667;23,9875;13,075;79,83333333;75,25;77,375;88,875;;1,5625;
31/03/2024;1150;0;1003,841667;1010,983333;1004,183333;1003,475;730,7958333;0,730795833;31,41666667;29,74166667;24,70833333;30,3125;29,24166667;25,15416667;24,29166667;13,02916667;78;72,16666667;75,29166667;91,91666667;;1,570833333;
01/04/2024;1150;0,016666667;1004,45;1011,625;1004,808333;1004,083333;554,1333333;0,554133333;30,54166667;28,54166667;24,65416667;29,10416667;28,08333333;25,27916667;24,15833333;13,04166667;83,45833333;77,29166667;80,25;166,75;;0,991666667;
02/04/2024;1150;0,216666667;1004,991667;1012,170833;1005,291667;1004,720833;442,2375;0,4422375;29,58333333;27,88333333;24,83333333;28,23333333;27,5;25,20833333;24,4625;13,05833333;86,16666667;82,125;83,91666667;158,2083333;;1,304166667;
03/04/2024;1150;0;1003,233333;1010,375;1003,5875;1002,895833;918,4958333;0,918495833;30,66666667;29,15;24,24166667;29,575;28,70833333;24,66666667;23,85416667;13,05833333;79,20833333;74,04166667;76,54166667;93,70833333;;1,683333333;
04/04/2024;1150;1,041666667;1004,3875;1011,583333;1004,770833;1003,870833;614,5625;0,6145625;30,125;27,6875;24,37916667;28,4;27,2375;24,92083333;23,88333333;13,04166667;85,41666667;79,16666667;82,875;168,7083333;;1,425;
05/04/2024;1150;0,191666667;1005,8625;1013,079167;1006,191667;1005,491667;227,3625;0,2273625;27,83333333;26,1875;24,10833333;26,625;25,825;24,52083333;23,8125;13,02083333;90,58333333;86,16666667;88,5;158,0833333;;1,208333333;
06/04/2024;1150;0,008333333;1005,304167;1012,520833;1005,691667;1005,033333;715,3333333;0,715333333;28,79166667;27,24166667;23,32916667;27,87083333;26,55416667;23,85;22,86666667;13,0875;83,625;77,54166667;80,20833333;60,25;;1,475;
07/04/2024;1150;0,858333333;1004,408333;1011,579167;1004,7375;1004,129167;603,0708333;0,603070833;30,125;28,20416667;24,76666667;29,00416667;27,47083333;25,24166667;24,05416667;13,04166667;85,66666667;77,45833333;81,95833333;185,0833333;;0,983333333;
08/04/2024;1150;0;1004,25;1011,4125;1004,5625;1003,9125;633,2708333;0,633270833;30,25;28,60416667;24,53333333;29,2875;28,10416667;25,25416667;24,02083333;13,0375;83,33333333;75,70833333;79,5;109,0416667;;1,054166667;
09/04/2024;1150;0,15;1004,2625;1011,458333;1004,620833;1003,920833;396,2833333;0,396283333;29,70833333;27,97083333;24,60416667;28,4375;27,44583333;25,15833333;24,10833333;13,04583333;85,375;78,41666667;82,20833333;78,91666667;;1,608333333;
10/04/2024;1150;0;1003,329167;1010,495833;1003,675;1003,05;556,2333333;0,556233333;29,70833333;28,125;24,64583333;28,57083333;27,66666667;24,9875;24,27083333;13,04166667;84,66666667;79,54166667;82,16666667;73,5;;1,3875;
11/04/2024;1150;0;1003,429167;1010,5875;1003,729167;1003,05;609,4875;0,6094875;30,625;28,82916667;24,375;29,44583333;28,35416667;24,94166667;23,9875;13,03333333;80,625;74,16666667;77,45833333;100,9166667;;1,304166667;
12/04/2024;1150;3,55;1005,308333;1012,5125;1005,6625;1004,9125;415,8375;0,4158375;29,25;27,37083333;24,7625;27,85416667;26,95416667;25,2;24,34583333;12,95;88,95833333;83,875;86,58333333;217,0416667;;1,045833333;
13/04/2024;1150;0,283333333;1005,483333;1012,716667;1005,8875;1005,170833;344,25;0,34425;28,20833333;26,67916667;23,9;27;26,42916667;24,1875;23,625;13,07916667;86,83333333;83,125;84,91666667;71,29166667;;1,966666667;
14/04/2024;1150;0;1003,1;1010,241667;1003,445833;1002,791667;745,0666667;0,745066667;30;28,625;23,75833333;28,975;28,125;24,17083333;23,26666667;13,0375;79,16666667;74,45833333;76,66666667;79,91666667;;1,3875;
15/04/2024;1150;0;1002,216667;1009,354167;1002,545833;1001,9;621,8791667;0,621879167;31,125;29,24583333;24,3625;29,85;28,74583333;24,72083333;23,96666667;13,0625;78,25;72,54166667;75,70833333;88,41666667;;1,770833333;
16/04/2024;1150;0,141666667;1003,495833;1010,675;1003,825;1003,133333;462,425;0,462425;30,20833333;28,34166667;24,84583333;28,8125;27,925;25,27916667;24,53333333;13,05;84,41666667;79,25;81,875;121,4166667;;1,345833333;
17/04/2024;1150;0,125;1004,15;1011,329167;1004,525;1003,841667;432,1958333;0,432195833;29,58333333;27,92916667;24,54166667;28,34583333;27,53333333;24,93333333;23,97083333;13,0375;85,04166667;80;82,83333333;167,5833333;;1,145833333;
18/04/2024;1150;0,7;1003,983333;1011,1875;1004,3;1003,6625;109,7125;0,1097125;28,04166667;26,5375;24,80833333;26,94166667;26,30833333;25,04166667;24,55833333;12,9;91,75;87,91666667;90,29166667;171,9583333;;0,879166667;
19/04/2024;1150;0;1004,7375;1011,941667;1005,029167;1004,429167;500,7583333;0,500758333;28,75;27,28333333;23,8125;27,61666667;26,73333333;24,24166667;23,47083333;13,02083333;85,5;80,66666667;82,5;142,2916667;;1,0375;
20/04/2024;1150;0,5;1005,041667;1012,2375;1005,458333;1004,633333;357,7166667;0,357716667;29,16666667;27,325;24,95;27,82916667;26,88333333;25,25416667;24,54166667;13,05;89,25;84,41666667;87,29166667;244,5416667;;0,725;
21/04/2024;1150;0,533333333;1005,658333;1012,883333;1005,983333;1005,325;205,275;0,205275;27,16666667;25,77916667;24,58333333;26,14166667;25,55833333;24,9;24,3875;12,9625;94,83333333;91,25;93,125;116;;0,854166667;
22/04/2024;1150;0;1004,1625;1011,383333;1004,458333;1003,945833;453,6583333;0,453658333;28,33333333;26,89583333;23,575;27,18333333;26,40833333;23,95;23,2;13,0375;86,125;81,375;83,125;107,7916667;;1,1125;
23/04/2024;1150;0,058333333;1004,154167;1011,329167;1004,483333;1003,766667;441;0,441;29,625;27,9375;24,33333333;28,50833333;27,4375;24,8125;23,97083333;13,0375;84,54166667;78,25;81,20833333;70,375;;1,491666667;
24/04/2024;1150;0,55;1005,5375;1012,758333;1005,820833;1005,179167;180,1875;0,1801875;27,91666667;26,25833333;24,55833333;26,64166667;25,93333333;24,83333333;24,27916667;12,93333333;92,33333333;88,66666667;90,58333333;174,5416667;;0,95;
25/04/2024;1150;0;1005,695833;1012,95;1006,075;1005,383333;334,825;0,334825;27,70833333;26,10416667;23,71666667;26,37083333;25,78333333;23,93333333;23,375;12,99583333;88,91666667;84,91666667;87,125;149,8333333;;1,129166667;
26/04/2024;1150;0;1004,125;1011,316667;1004,45;1003,825;495,2125;0,4952125;29,33333333;27,25;23,35833333;27,90416667;26,7375;23,79583333;22,96666667;13,07083333;83;77,20833333;80,16666667;94,875;;1,266666667;
27/04/2024;1150;0;1003,491667;1010,641667;1003,816667;1003,229167;518,8125;0,5188125;30,75;28,92916667;23,5125;29,44166667;28,23333333;24,00416667;23,07083333;13,0625;77,375;71,33333333;73,83333333;88,04166667;;1,258333333;
28/04/2024;1150;0;1003,075;1010,204167;1003,4;1002,783333;676,6083333;0,676608333;31,54166667;29,57083333;23,43333333;30,16666667;29,02083333;23,89583333;22,9;13,05833333;74,45833333;67,75;71,25;121;;1,458333333;
29/04/2024;1150;0,166666667;1003,420833;1010,558333;1003,695833;1002,970833;553,7791667;0,553779167;31,20833333;29,22916667;24,35833333;29,875;28,58333333;24,8625;23,84583333;13,05;79,04166667;71,875;75,70833333;97,125;;1,466666667;
30/04/2024;1150;0,016666667;1003,8875;1011,05;1004,2375;1003,566667;526,2458333;0,526245833;30,125;28,1375;24,275;28,81666667;27,4625;24,84166667;23,92083333;13,0375;84,29166667;77,25;80,29166667;126,625;;1,304166667;
01/05/2024;1150;0,025;1003,654167;1010,8125;1004,0125;1003,420833;474,9916667;0,474991667;30,20833333;28,57916667;24,42916667;29,11666667;27,9375;24,87083333;23,9875;13,0375;82,54166667;76,25;79,125;80,75;;1,329166667;
02/05/2024;1150;0;1001,625;1008,7625;1001,995833;1001,291667;582,2375;0,5822375;31,375;29,4125;24,20416667;29,8875;29,04583333;24,7;23,78333333;13,04166667;76,70833333;71,79166667;74,29166667;77,54166667;;1,845833333;
03/05/2024;1150;0;1001,725;1008,866667;1002,029167;1001,391667;574,6666667;0,574666667;31,33333333;29,23333333;24,47083333;29,85416667;28,67083333;24,87916667;24,02916667;13,07916667;79,16666667;73,04166667;76,29166667;65,66666667;;1,291666667;
04/05/2024;1150;0;1002,833333;1009,9875;1003,129167;1002,4875;484,125;0,484125;30,625;28,8;24,575;29,27083333;28,36666667;24,98333333;24,2625;13,04583333;80,79166667;76,29166667;78,58333333;85,08333333;;1,466666667;
05/05/2024;1150;0,066666667;1003,258333;1010,420833;1003,583333;1002,9375;293,4416667;0,293441667;30,04166667;28,575;25,1875;29,00833333;28,17083333;25,59583333;24,87916667;13,04166667;84,95833333;79,625;82,25;93,875;;0,995833333;
06/05/2024;1150;2,108333333;1003,325;1010,529167;1003,716667;1002,954167;320,7916667;0,320791667;28,95833333;27,28333333;24,99166667;27,9375;26,66666667;25,6;24,50833333;13,01666667;91;84,08333333;87,66666667;144,875;;0,966666667;
07/05/2024;1150;2,308333333;1003,2375;1010,4375;1003,5625;1002,904167;219,9083333;0,219908333;27,83333333;26,3875;24,725;26,75416667;26,03333333;24,99166667;24,45833333;13,00416667;92,66666667;88,625;90,83333333;196,4166667;;0,875;
08/05/2024;1150;0;1003,054167;1010,208333;1003,333333;1002,8;562,9875;0,5629875;29,70833333;28,19583333;24,20416667;28,5625;27,7625;24,55;23,76666667;13,05;82,66666667;78;80,29166667;87,66666667;;1,633333333;
09/05/2024;1150;0;1003,366667;1010,491667;1003,670833;1003,058333;659,1541667;0,659154167;31,79166667;30,15;24,37083333;30,59166667;29,72916667;24,82083333;24,07083333;13,0625;75,08333333;70,25;72,45833333;93,625;;1,808333333;
10/05/2024;1150;1,058333333;1003,7;1010,866667;1004,004167;1003,333333;303,5583333;0,303558333;30,20833333;28,3125;24,5;29,22916667;27,7375;24,99583333;24,01666667;13,00416667;83,45833333;75,75;80,25;161,6666667;;0,9;
11/05/2024;1150;0,391666667;1004,091667;1011,266667;1004,379167;1003,804167;419,8083333;0,419808333;29,41666667;27,57916667;24,99166667;28,1625;26,93333333;25,44166667;24,49583333;13,05416667;89,875;83,66666667;86,70833333;189;;0,641666667;
12/05/2024;1150;0,041666667;1004,295833;1011,4875;1004,5625;1003,9625;243,675;0,243675;28,70833333;27,15;25,0375;27,57916667;26,775;25,36666667;24,65833333;13,00833333;90,70833333;85,29166667;88,29166667;185;;0,666666667;
13/05/2024;1150;0,008333333;1005,158333;1012,341667;1005,4375;1004,875;338,1041667;0,338104167;29,16666667;27,39166667;24,7125;27,70416667;27,1;25,0375;24,50416667;13,03333333;87,66666667;84,08333333;85,79166667;144,4166667;;1,191666667;
14/05/2024;1150;0;1004,7625;1011,929167;1005,0875;1004,516667;472,25;0,47225;30,08333333;28,2;24,37916667;28,64166667;27,78333333;24,75833333;24,03333333;13,0375;83,25;78,58333333;80,79166667;56,95833333;;1,45;
15/05/2024;1150;0,1;1003,808333;1010,966667;1004,125;1003,45;513,025;0,513025;30,66666667;28,87083333;24,22083333;29,52916667;28,175;24,70833333;23,72083333;13,05;79,83333333;73,33333333;76,58333333;111,4583333;;1,354166667;
16/05/2024;1150;0,008333333;1004,741667;1011,9125;1005,058333;1004,395833;336,2833333;0,336283333;30,08333333;28,30833333;24,90416667;28,75;27,77916667;25,32083333;24,54166667;13,0375;85,33333333;79,70833333;82,20833333;228,0833333;;1,041666667;
17/05/2024;1150;2;1005,833333;1013,0625;1006,15;1005,5;125,5041667;0,125504167;27,45833333;26;24,69583333;26,35416667;25,71666667;25,02916667;24,40833333;12,94583333;94,16666667;90,29166667;92,58333333;179,375;;0,991666667;
18/05/2024;1150;0,691666667;1006,433333;1013,691667;1006,791667;1006,066667;185,8416667;0,185841667;26,875;25,91666667;24,18333333;26,25416667;25,50833333;24,45416667;23,8375;12,92083333;92,20833333;88,33333333;90,41666667;173,2083333;;0,866666667;
19/05/2024;1150;1,591666667;1006,483333;1013,720833;1006,8625;1006,129167;269,8958333;0,269895833;27,625;26,18333333;24,19166667;26,64166667;25,75;24,5625;23,80416667;13,00833333;91;87,125;89,25;190,875;;0,745833333;
20/05/2024;1150;0,758333333;1005,7125;1012,966667;1006,054167;1005,45;279,7375;0,2797375;27,25;25,74166667;23,8875;26,22916667;25,37083333;24,275;23,54583333;13,00833333;91,75;87,375;89,95833333;129,5416667;;0,7625;
21/05/2024;1150;0;1004,829167;1012,029167;1005,125;1004,541667;554,3916667;0,554391667;29,29166667;27,79166667;24,14583333;28,1625;27,29166667;24,5;23,7875;13,07083333;84,41666667;80,25;81,95833333;114,5833333;;1,366666667;
22/05/2024;1150;0;1005,15;1012,304167;1005,45;1004,833333;591,475;0,591475;31;29,39166667;24,59166667;29,91666667;28,85833333;24,99166667;24,275;13,075;79,25;74,08333333;76,54166667;95,33333333;;1,516666667;
23/05/2024;1150;0;1005,220833;1012,370833;1005,5375;1004,904167;556,7291667;0,556729167;31,125;29,25833333;24,65416667;29,7125;28,91666667;25,05;24,34166667;13,04583333;79,29166667;74,66666667;77;77,79166667;;1,8375;
24/05/2024;1150;0,091666667;1004,85;1012,029167;1005,191667;1004,55;424,1541667;0,424154167;30,375;28,43333333;24,3625;29,16666667;27,9;24,92083333;23,99583333;13,05;82,54166667;75,54166667;79,25;86,41666667;;1,1875;
25/05/2024;1150;0,133333333;1005,4875;1012,7;1005,775;1005,2125;232,2291667;0,232229167;28,33333333;26,51666667;24,49166667;27,14166667;26,12916667;24,9125;24,14583333;12,9875;90,70833333;85,75;88,79166667;222,4166667;;0,566666667;
26/05/2024;1150;0,25;1005,225;1012,425;1005,491667;1004,9125;483,1958333;0,483195833;29,75;27,89166667;24,25416667;28,5;27,24583333;24,70833333;23,71666667;13,05416667;85,33333333;78,66666667;81,95833333;91,25;;1,095833333;
27/05/2024;1150;2,75;1006,783333;1014,016667;1007,033333;1006,425;133,125;0,133125;27,625;26,2;24,475;26,62916667;25,85;24,84166667;24,1125;12,95416667;92,5;87,79166667;90,33333333;170,0833333;;0,8875;
28/05/2024;1150;0,216666667;1008,020833;1015,3125;1008,275;1007,775;175,3916667;0,175391667;26,5;25,12916667;23,0625;25,375;24,9;23,29583333;22,85;12,98333333;89,95833333;86,83333333;88,375;199,0416667;;1,466666667;
29/05/2024;1150;0,016666667;1008,466667;1015,766667;1008,683333;1008,208333;170,4875;0,1704875;26,66666667;25,21666667;22,78333333;25,47083333;25,00833333;23,04166667;22,5375;9,795833333;88,20833333;84,66666667;86,45833333;216;;1,245833333;
30/05/2024;1150;0,1;1007,995833;1015,270833;1008,266667;1007,766667;256,45;0,25645;26,91666667;24,96666667;22,66666667;25,30416667;24,7125;22,97916667;22,35;9,554166667;89,25;85,04166667;87,375;188,3333333;;1,120833333;
31/05/2024;1150;1,416666667;1007,233333;1014,475;1007,541667;1006,975;349,6958333;0,349695833;28,54166667;26,56666667;24,06666667;27,04583333;26,07083333;24,45;23,59583333;9,279166667;89,125;84,33333333;86,79166667;235,2083333;;0,979166667;
01/06/2024;1150;1,033333333;1007,054167;1014,329167;1007,341667;1006,7;187,1708333;0,187170833;27,20833333;25,31666667;24,1875;25,7875;24,97916667;24,60416667;23,87916667;9,579166667;95,20833333;91,5;93,58333333;191,9166667;;0,629166667;
02/06/2024;1150;0;1006,229167;1013,4375;1006,525;1005,9625;490,7375;0,4907375;29,08333333;27,72083333;24,01666667;28,15;27,15;24,54166667;23,60833333;12,9625;84,95833333;79,54166667;81,66666667;115,1666667;;0,958333333;
03/06/2024;1150;0,358333333;1007,183333;1014,433333;1007,491667;1006,791667;306,175;0,306175;28,41666667;26,5875;24,3;27,0875;26,19166667;24,65416667;23,99166667;13,03333333;89,83333333;84,95833333;87,66666667;128,25;;1,116666667;
04/06/2024;1150;0;1006,045833;1013,25;1006,358333;1005,8;464,625;0,464625;29,375;27,8;24,16666667;28,27083333;27,32916667;24,70416667;23,85416667;13,03333333;85;80,25;82,45833333;112,875;;1,091666667;
05/06/2024;1150;0,275;1005,55;1012,720833;1005,883333;1005,245833;388,9333333;0,388933333;30,29166667;28,41666667;24,3375;29,0875;27,90416667;24,80416667;23,95416667;12,97083333;81,79166667;75,79166667;78,91666667;73,41666667;;1,404166667;
06/06/2024;1150;0,058333333;1005,545833;1012,7125;1005,833333;1005,258333;425,7083333;0,425708333;29,75;28,30416667;24,61666667;28,8125;27,66666667;25,04583333;24,1625;12,86666667;84,58333333;78,25;81,04166667;98,875;;1,133333333;
07/06/2024;1150;0,05;1006,233333;1013,4;1006,495833;1005,970833;519,275;0,519275;30,375;28,77916667;24,5375;29,24166667;28,06666667;25,09583333;24,125;12,9125;83,125;77;79,25;133,0416667;;1,070833333;
08/06/2024;1150;0;1007;1014,166667;1007,283333;1006,6625;429,1875;0,4291875;30,58333333;28,90833333;24,17916667;29,45416667;28,43333333;24,59166667;23,73333333;12,94583333;79,08333333;73,20833333;76,54166667;82,125;;1,275;
09/06/2024;1150;0,033333333;1006,491667;1013,679167;1006,841667;1006,183333;465,7958333;0,465795833;30,04166667;28,08333333;24,20416667;28,50833333;27,61666667;24,67083333;23,80416667;12,91666667;83;77,75;80,29166667;131,3333333;;1,420833333;
10/06/2024;1150;0,866666667;1005,858333;1013,0625;1006,25;1005,5375;447,8791667;0,447879167;29,25;27,48333333;23,67916667;27,87916667;26,99166667;24,16666667;23,30416667;12,98333333;83,875;79,16666667;81,16666667;84,45833333;;1,4;
11/06/2024;1150;0;1005,991667;1013,170833;1006,266667;1005,708333;363,25;0,36325;30,16666667;28,23333333;24,02083333;28,87083333;27,70416667;24,45;23,67083333;12,9625;81,25;75,79166667;78,625;62;;1,404166667;
12/06/2024;1150;0,25;1005,491667;1012,666667;1005,783333;1005,1625;354,8208333;0,354820833;29,95833333;28,50833333;23,58333333;28,95833333;27,9875;24,07083333;23,2;12,96666667;78,58333333;73,33333333;75,58333333;81,04166667;;1,85;
13/06/2024;1150;1,208333333;1005,170833;1012,354167;1005,533333;1004,866667;369,0458333;0,369045833;29,91666667;28,1875;23,8125;28,90833333;27,60416667;24,3375;23,34166667;12,90416667;81,04166667;74,29166667;78,04166667;101,875;;1,3375;
14/06/2024;1150;0;1005,141667;1012,304167;1005,4;1004,908333;448,8583333;0,448858333;30,54166667;28,85833333;23,58333333;29,37916667;28,34166667;24,02083333;23,1875;12,90416667;77;71,66666667;74,375;107,375;;1,566666667;
15/06/2024;1150;0;1005,675;1012,825;1005,9125;1005,395833;452,2875;0,4522875;31,45833333;29,675;23,475;30,19166667;29,26666667;23,86666667;23,10833333;12,95;72,16666667;67,125;69,95833333;69,95833333;;1,791666667;
16/06/2024;1150;0;1005,1875;1012,3375;1005,425;1004,979167;499,125;0,499125;31;29,54583333;23,225;30,03333333;28,92083333;23,62083333;22,875;12,95;72,54166667;67,04166667;69,58333333;63,29166667;;1,8375;
17/06/2024;1150;0;1004,325;1011,458333;1004,604167;1004,1375;463,9125;0,4639125;31,54166667;29,9875;23,19583333;30,4375;29,3625;23,59166667;22,69166667;12,93333333;70,75;65,16666667;67,70833333;61,54166667;;1,504166667;
18/06/2024;1150;0,666666667;1003,525;1010,7;1003,795833;1003,216667;337,95;0,33795;29,875;28,09166667;23,625;29,075;27,25416667;24,125;23,03333333;12,9125;81,58333333;72,45833333;77,5;146,8333333;;1,108333333;
19/06/2024;1150;0;1003,858333;1011,0125;1004,175;1003,575;458,8875;0,4588875;30,29166667;28,75416667;23,47916667;29,125;28,27083333;23,92083333;23,14583333;12,92083333;76,875;72,58333333;74,08333333;63,91666667;;1,929166667;
20/06/2024;1150;0;1003,741667;1010,8875;1004,029167;1003,445833;437,1541667;0,437154167;31,33333333;29,66666667;23,35833333;30,05416667;29,27916667;23,77083333;23,02083333;12,94166667;72,04166667;67,66666667;69,66666667;74,79166667;;2,116666667;
21/06/2024;1150;0;1004,216667;1011,366667;1004,454167;1003,970833;389,0166667;0,389016667;31,04166667;29,43333333;23,60833333;30,0875;28,95416667;24,0875;23,15416667;12,925;74,70833333;68,70833333;71,91666667;132,4166667;;1,095833333;
22/06/2024;1150;0;1004,55;1011,6875;1004,808333;1004,279167;462,7666667;0,462766667;31,54166667;29,7125;22,99583333;30,26666667;29,22083333;23,69583333;22,4875;12,925;73,29166667;66,83333333;69,66666667;140,0833333;;1,2625;
23/06/2024;1150;0;1005,008333;1012,166667;1005,233333;1004,720833;334,1416667;0,334141667;30,75;28,71666667;23,10416667;29,4;28,2125;23,58333333;22,52916667;12,89166667;75,16666667;68,66666667;72,375;194,4166667;;0,9;
24/06/2024;1150;0;1005,8375;1013,054167;1006,120833;1005,579167;420,1;0,4201;29;27,075;23,1625;27,71666667;26,6;23,575;22,75833333;12,94166667;82,41666667;76,79166667;79,75;225,5833333;;1,0125;
25/06/2024;1150;0;1006,2;1013,375;1006,433333;1005,920833;413,7916667;0,413791667;30,08333333;28,525;24,02916667;29,0375;27,95416667;24,57083333;23,4625;12,925;81,66666667;75,20833333;78,29166667;169,1666667;;1,0625;
26/06/2024;1150;0;1006,516667;1013,666667;1006,795833;1006,2625;455,7541667;0,455754167;31,25;29,50416667;22,55833333;30,0125;28,89166667;23,02083333;22,04583333;12,9375;70,25;64,45833333;67,33333333;55,45833333;;1,504166667;
27/06/2024;1150;0;1005,145833;1012,304167;1005,408333;1004,95;486,1791667;0,486179167;31,04166667;29,1375;23,24166667;29,8125;28,63333333;23,67083333;22,70416667;12,90416667;74,16666667;67,79166667;71,45833333;79,33333333;;1,0875;
28/06/2024;1150;0;1004,791667;1011,945833;1005,033333;1004,483333;316,1708333;0,316170833;30,58333333;28,72916667;23,66666667;29,36666667;28,09166667;24,07083333;23,01666667;12,91666667;77,79166667;71,58333333;75;129,2916667;;1,191666667;
29/06/2024;1150;0;1006,204167;1013,375;1006,466667;1005,970833;472,9625;0,4729625;30,58333333;28,95416667;23,08333333;29,425;28,46666667;23,5875;22,71666667;12,92916667;75,29166667;69,875;72,33333333;160;;1,341666667;
30/06/2024;1150;0;1005,316667;1012,441667;1005,6;1005,066667;382,3708333;0,382370833;31,95833333;30,07916667;23,30833333;30,78333333;29,3;23,8125;22,77083333;12,92083333;71,58333333;64,75;68,08333333;112,6666667;;1,083333333;
01/07/2024;1150;0;1005,079167;1012,225;1005,35;1004,804167;523,0208333;0,523020833;31,375;29,65833333;23,59166667;30,24166667;29,025;24,10416667;23,06666667;12,92083333;73,95833333;67,91666667;70,95833333;102,3333333;;1,3875;
02/07/2024;1150;0;1004,9875;1012,1375;1005,266667;1004,6875;484,2083333;0,484208333;31,54166667;29,72083333;23,49583333;30,20416667;29,2;23,8625;23,02083333;12,9375;72,04166667;67,125;69,625;76,375;;1,883333333;
03/07/2024;1150;0,008333333;1004,566667;1011,7375;1004,920833;1004,270833;386,9208333;0,386920833;29,875;28,275;23,18333333;28,75416667;27,7375;23,57916667;22,72916667;12,87083333;77,5;72;74,66666667;143,75;;1,483333333;
04/07/2024;1150;0;1003,85;1010,991667;1004,1875;1003,508333;487,6625;0,4876625;31,125;29,55833333;23,57083333;30,07083333;29;24;23,15833333;12,92083333;74,58333333;68,83333333;71,58333333;97,625;;1,516666667;
05/07/2024;1150;0;1004,8375;1011,9875;1005,104167;1004,541667;484,4958333;0,484495833;31,375;29,64583333;22,9125;30,1;29,13333333;23,375;22,52083333;12,89166667;70,875;65,91666667;68,25;75,58333333;;1,591666667;
06/07/2024;1150;0;1006,208333;1013,35;1006,454167;1005,9375;461,0416667;0,461041667;31,75;30,15416667;22,64166667;30,675;29,50416667;23,13333333;22,15;12,8875;68,95833333;63,45833333;66,125;139,375;;1,45;
07/07/2024;1150;0;1006,5125;1013,658333;1006,720833;1006,258333;460,4166667;0,460416667;31,95833333;30,35416667;21,93333333;30,8375;29,95416667;22,34583333;21,44166667;12,89583333;63,375;58,66666667;61,33333333;65,95833333;;1,916666667;
08/07/2024;1150;0;1006,033333;1013,166667;1006,2875;1005,829167;494,5125;0,4945125;32,25;30,6125;21,65416667;31,05833333;30,13333333;22,17916667;21,10833333;12,875;62,58333333;57,625;60;79,04166667;;1,7375;
09/07/2024;1150;0;1004,6625;1011,779167;1004,941667;1004,416667;417,95;0,41795;32,20833333;30,59166667;21,68333333;31,24166667;29,8625;22,29583333;21,1875;12,8625;63,41666667;56,875;60,25;115,75;;1,291666667;
10/07/2024;1150;1;1004,458333;1011,666667;1004,825;1004,095833;276,5041667;0,276504167;28,95833333;27,17916667;23,11666667;27,74166667;26,72083333;23,65;22,65416667;12,825;81,875;75,70833333;78,875;189,7083333;;0,983333333;
11/07/2024;1150;0;1005,2375;1012,433333;1005,520833;1004,875;405,0041667;0,405004167;29,125;27,4875;23,67083333;28,04166667;27,04583333;24,0375;23,34166667;12,88333333;82,79166667;77,75;80,45833333;135,625;;1,183333333;
12/07/2024;1150;0;1006,916667;1014,079167;1007,1625;1006,6625;490,8;0,4908;30,83333333;29,17916667;23,2625;29,55416667;28,65833333;23,66666667;22,84583333;12,87916667;74,29166667;69,33333333;71,5;99,66666667;;1,529166667;
13/07/2024;1150;0,733333333;1007,604167;1014,829167;1007,891667;1007,270833;302,1125;0,3021125;28,79166667;26,925;23,16666667;27,6375;26,39166667;23,65;22,72083333;12,88333333;83,04166667;76,625;80,375;149,5416667;;1,475;
14/07/2024;1150;0,033333333;1008,270833;1015,520833;1008,558333;1008,008333;311,225;0,311225;28,54166667;26,85833333;22,6625;27,25833333;26,4875;23,01666667;22,32083333;12,80416667;80,79166667;76,16666667;78,45833333;249,25;;1,441666667;
15/07/2024;1150;0;1008,104167;1015,3125;1008,366667;1007,8625;524,1416667;0,524141667;29,58333333;27,87083333;22,925;28,30416667;27,34583333;23,25833333;22,525;12,94583333;78,29166667;73,45833333;75,70833333;248,5;;1,0625;
16/07/2024;1150;0,7;1008,604167;1015,816667;1008,891667;1008,270833;446,8291667;0,446829167;30,20833333;28,325;22,34583333;28,79583333;27,79583333;22,89166667;21,8375;12,9625;75,04166667;69,45833333;72,04166667;185,6666667;;1,279166667;
17/07/2024;1150;0;1009,183333;1016,404167;1009,45;1008,929167;546,7291667;0,546729167;30,04166667;27,9375;22,34583333;28,69583333;27,35;23,00833333;21,85;12,97916667;76,79166667;69,79166667;73,04166667;196,9166667;;0,95;
18/07/2024;1150;0;1008,070833;1015,2625;1008,329167;1007,85;556,525;0,556525;30,45833333;28,73333333;22,19166667;29,25833333;28,20416667;22,8625;21,57916667;12,95416667;73,125;66,83333333;69,79166667;150,875;;0,920833333;
19/07/2024;1150;0;1008,054167;1015,229167;1008,291667;1007,791667;569,1666667;0,569166667;31,33333333;29,89166667;21,05833333;30,45833333;29,35416667;21,71666667;20,48333333;12,96666667;63,91666667;57,5;60,54166667;87,08333333;;1,491666667;
20/07/2024;1150;0;1007,579167;1014,733333;1007,866667;1007,370833;566,075;0,566075;31,625;30,0875;21,2375;30,64583333;29,525;21,875;20,68333333;12,95416667;63,75;57,625;60,58333333;147,9166667;;1,133333333;
21/07/2024;1150;0;1006,233333;1013,370833;1006,525;1005,9875;312,3708333;0,312370833;31,25;29,6125;22,20833333;30,16666667;29,125;22,90416667;21,425;12,95833333;68,875;61,66666667;65,45833333;140,5416667;;0,891666667;
22/07/2024;1150;0;1006,333333;1013,5;1006,575;1006,066667;562,7375;0,5627375;31,08333333;29,28333333;22,4;29,89166667;28,64583333;22,9875;21,9125;12,96666667;70,625;64,66666667;67,58333333;175,25;;1,116666667;
23/07/2024;1150;0;1007,229167;1014,375;1007,475;1006,9375;562,2583333;0,562258333;32;30,34583333;21,72916667;30,90416667;29,83333333;22,42083333;21,25;12,9625;65;58,95833333;61,75;78,75;;1,720833333;
24/07/2024;1150;0;1008,154167;1015,304167;1008,3875;1007,895833;658,9666667;0,658966667;32,41666667;30,86666667;20,5;31,32083333;30,34166667;20,97916667;19,675;12,96666667;56,875;51,70833333;54,58333333;74,08333333;;1,675;
25/07/2024;1150;0;1008,095833;1015,254167;1008,429167;1007,808333;454,7125;0,4547125;31,875;29,99166667;22,15;30,70833333;29,44166667;22,59166667;21,56666667;12,9375;66,25;59,625;63,29166667;76,45833333;;1,420833333;
26/07/2024;1150;0;1006,5375;1013,716667;1006,8375;1006,308333;597,4208333;0,597420833;31,125;29,04166667;22,34166667;29,54166667;28,50833333;22,9125;21,87083333;12,95833333;72,33333333;66,83333333;69,33333333;142,6666667;;1,145833333;
27/07/2024;1150;0;1005,954167;1013,0875;1006,1625;1005,6875;619,2208333;0,619220833;32,45833333;30,63333333;21,62083333;31,06666667;30,1;22,09166667;21,15;12,95833333;62,375;57,75;59,875;66,625;;1,816666667;
28/07/2024;1150;0;1006,770833;1013,904167;1007,0125;1006,533333;615,7791667;0,615779167;32,58333333;30,79166667;21,9;31,28333333;30,37083333;22,3;21,5;12,95833333;62,33333333;57,95833333;60,25;75,70833333;;2,05;
29/07/2024;1150;0;1007,304167;1014,429167;1007,529167;1007,083333;644,6375;0,6446375;32,66666667;31,025;21,80833333;31,4875;30,5625;22,2125;21,33333333;12,95833333;61,33333333;57,04166667;59,29166667;70,91666667;;2,170833333;
30/07/2024;1150;0;1006,883333;1014;1007,15;1006,654167;573,3958333;0,573395833;33;31,425;21,5625;31,80833333;30,90416667;22,07083333;21,09583333;12,95416667;59,54166667;54,83333333;56,95833333;71,91666667;;1,866666667;
31/07/2024;1150;0;1006,50625;1013,625;1006,777083;1006,23125;592,15;0,59215;33,1875;31,38333333;20,78333333;31,90208333;30,925;21,19583333;20,26666667;12,95;55,95833333;52,125;54,1875;62,33333333;;1,91875;
01/08/2024;1150;0;1006,470833;1013,595833;1006,741667;1006,25;632,1708333;0,632170833;32,5;30,9375;21,46666667;31,55;30,4125;21,94583333;21,04583333;12,95833333;60,91666667;55,70833333;58,25;73,75;;1,6125;
02/08/2024;1150;0;1006,045833;1013,1625;1006,320833;1005,729167;570,4375;0,5704375;32,70833333;30,75833333;21,85833333;31,54583333;30,17083333;22,3375;21,31666667;12,95416667;62,375;56,33333333;59,70833333;78,20833333;;1,425;
03/08/2024;1150;0;1005,5;1012,65;1005,833333;1005,229167;559,5541667;0,559554167;31,33333333;29,3125;22,74583333;29,92916667;28,72083333;23,14583333;22,12916667;12,95416667;71,33333333;65,41666667;68,75;158,2916667;;1,295833333;
04/08/2024;1150;0;1005,229167;1012,370833;1005,504167;1004,966667;572,3708333;0,572370833;31,41666667;29,7875;23,325;30,19583333;29,29583333;23,75;22,97916667;12,9625;72,41666667;67,875;69,91666667;143,8333333;;1,3625;
05/08/2024;1150;0;1005,579167;1012,704167;1005,845833;1005,283333;634,3416667;0,634341667;32,54166667;30,8375;20,875;31,29166667;30,45;21,2875;20,5;12,96666667;58,29166667;54,54166667;56,375;68,66666667;;2,179166667;
06/08/2024;1150;0;1005,033333;1012,1625;1005,304167;1004,791667;656,4708333;0,656470833;32,04166667;30,38333333;20,39166667;31,0375;29,77916667;20,75416667;19,97083333;12,9625;58,45833333;53,75;56,20833333;66,83333333;;1,770833333;
07/08/2024;1150;0;1004,1375;1011,233333;1004,420833;1003,891667;702,0625;0,7020625;33,04166667;31,32083333;20,11666667;31,85416667;30,74583333;20,63333333;19,675;12,97083333;55,83333333;51,04166667;53,29166667;71,875;;1,729166667;
08/08/2024;1150;0;1003,3375;1010,416667;1003,591667;1003,104167;690,5916667;0,690591667;33,45833333;31,56666667;20,375;32,22083333;30,9375;20,98333333;19,8;12,9625;55,625;50,45833333;52,91666667;95,58333333;;1,6875;
09/08/2024;1150;0;1004,545833;1011,633333;1004,791667;1004,2625;648,3291667;0,648329167;33,08333333;31,4;21,74583333;31,94583333;30,88333333;22,25833333;21,2875;12,95833333;60,58333333;55,70833333;58,20833333;73,375;;1,475;
10/08/2024;1150;0;1005,233333;1012,341667;1005,533333;1004,933333;531,7666667;0,531766667;33,29166667;31,46666667;22,82083333;32,07083333;30,82083333;23,325;22,15833333;12,95416667;64,625;58,5;61,66666667;177,6666667;;1,0125;
11/08/2024;1150;0,25;1006,975;1014,158333;1007,229167;1006,5875;415,0458333;0,415045833;30,625;28,42916667;22,30833333;28,9375;27,92916667;22,725;21,79166667;12,97083333;73,16666667;67,29166667;70,41666667;232,0416667;;1,4125;
12/08/2024;1150;0;1008,445833;1015,6375;1008,775;1008,091667;345,1458333;0,345145833;30,16666667;28,37083333;22,07083333;28,75416667;27,97916667;22,475;21,61666667;12,95416667;71,83333333;66,54166667;69,20833333;233,9583333;;1,216666667;
13/08/2024;1150;0,4;1007,325;1014,5125;1007,65;1007,070833;394,4416667;0,394441667;29,875;28,22916667;23,23333333;28,75833333;27,63333333;23,65833333;22,7375;12,98333333;78,04166667;72,20833333;75,33333333;121,7083333;;1,008333333;
14/08/2024;1150;0,058333333;1007,25;1014,458333;1007,55;1006,920833;533,8041667;0,533804167;29,66666667;27,57083333;23,52916667;28,37083333;27,07083333;24,05416667;23,09166667;12,93333333;82,125;76,70833333;79,79166667;119,5833333;;1,158333333;
15/08/2024;1150;0;1007,495833;1014,704167;1007,758333;1007,220833;669,0291667;0,669029167;29,66666667;28,3375;22,56666667;28,80833333;27,7375;23,2125;22,04583333;12,975;76,70833333;69,91666667;72,875;127,2916667;;1,291666667;
16/08/2024;1150;0;1007,133333;1014,270833;1007,470833;1006,8375;647,8875;0,6478875;32,125;30,55416667;21,62083333;31,07083333;30,0125;22,15;21,2375;12,94583333;62,875;57,95833333;60,16666667;59,04166667;;1,779166667;
17/08/2024;1150;0;1006,241667;1013,3625;1006,495833;1006;628,2875;0,6282875;32,66666667;30,96666667;21,7375;31,49166667;30,375;22,17916667;21,10833333;12,96666667;62,16666667;56,58333333;59,25;88,08333333;;1,329166667;
18/08/2024;1150;0;1006,375;1013,5;1006,654167;1006,1;576,4666667;0,576466667;32,375;30,83333333;21,63333333;31,55833333;30,12916667;22,2875;21,1125;12,92916667;62,75;56,83333333;59,54166667;182,2916667;;0,970833333;
19/08/2024;1150;0;1005,720833;1012,829167;1006,004167;1005,4375;588,1791667;0,588179167;33,20833333;31,475;21,6375;32,14583333;30,94166667;22,125;21,2375;12,9375;59,54166667;54,58333333;57,08333333;61,54166667;;1,316666667;
20/08/2024;1150;0;1005,875;1012,983333;1006,183333;1005,629167;678,5541667;0,678554167;33,41666667;31,57083333;22,65416667;32,0875;31,1125;23,1;22,05416667;12,9375;63;57,83333333;60,54166667;82,29166667;;1,8375;
21/08/2024;1150;0;1004,941667;1012,0375;1005,241667;1004,666667;713,1666667;0,713166667;33,33333333;31,71666667;21,4375;32,32083333;31,1875;22,0875;20,99583333;12,92916667;58,70833333;53,41666667;55,875;77,375;;1,729166667;
22/08/2024;1150;0;1003,891667;1010,975;1004,166667;1003,645833;743,6333333;0,743633333;33,66666667;32,12916667;21,425;32,59166667;31,575;21,925;20,87916667;12,96666667;57,04166667;52,29166667;54,58333333;68,75;;2,0625;
23/08/2024;1150;0;1003,704167;1010,7875;1003,979167;1003,420833;764,7958333;0,764795833;33,54166667;31,97083333;20,34166667;32,55;31,37916667;20,75833333;19,74583333;12,9625;52,66666667;48,41666667;50,70833333;63,91666667;;2,029166667;
24/08/2024;1150;0;1004,929167;1012,033333;1005,179167;1004,5875;682,2041667;0,682204167;33,20833333;31,4;22,05416667;31,97916667;30,99583333;22,54166667;21,71666667;12,97083333;60,625;56,58333333;58,54166667;64,33333333;;2,15;
25/08/2024;1150;0;1005,6625;1012,766667;1005,920833;1005,358333;721,3625;0,7213625;33,375;31,56666667;22,5875;32,0625;31,175;23;22,25416667;12,95833333;62,16666667;58,16666667;60,25;74,20833333;;2,129166667;
26/08/2024;1150;0;1006,377083;1013,485417;1006,672917;1006,058333;547,7958333;0,547795833;33,22916667;31,3;22,7375;31,85625;30,86875;23,20625;22,21458333;12,97916667;63,02083333;58,125;60,79166667;100,625;;1,664583333;
27/08/2024;1150;0;1007,4;1014,5625;1007,679167;1007,083333;567,8666667;0,567866667;31,83333333;29,71666667;22,6625;30,19583333;29,22083333;22,97083333;22,35;12,97083333;68,83333333;65,20833333;67,08333333;242,7083333;;1,583333333;
28/08/2024;1150;0;1007,895833;1015,1125;1008,220833;1007,525;319,1333333;0,319133333;29,5;27,7;22,3625;28,2375;27,32916667;22,56666667;22,1375;12,97083333;75;70,75;73,375;261,5;;1,3;
29/08/2024;1150;0;1007,058333;1014,220833;1007,441667;1006,775;547,4583333;0,547458333;31,08333333;29,37083333;22,51666667;29,85833333;28,75416667;22,87916667;22,17083333;12,95833333;70,54166667;65,95833333;67,79166667;166,7916667;;1,370833333;
30/08/2024;1150;0;1006,4875;1013,629167;1006,775;1006,233333;672,875;0,672875;32;30,225;21,84583333;30,7875;29,57916667;22,43333333;21,10833333;12,9875;66,79166667;60,29166667;63,5;200,2916667;;1,275;
31/08/2024;1150;0;1005,45;1012,541667;1005,716667;1005,175;727,1958333;0,727195833;33,91666667;31,90416667;21,74583333;32,71666667;31,39583333;22,54583333;21,11666667;12,97083333;60,125;53,25;56,625;100,6666667;;1,433333333;
01/09/2024;1150;0;1005,2;1012,308333;1005,495833;1004,925;644,5333333;0,644533333;32,91666667;31,04166667;22,04166667;31,60416667;30,42083333;22,75;21,44583333;12,99583333;63,79166667;57,20833333;60,5;187,625;;1,045833333;
02/09/2024;1150;0;1004,095833;1011,175;1004,4;1003,841667;607,0958333;0,607095833;33,79166667;32,08333333;22,25;32,725;31,49583333;22,6;21,86666667;12,9875;59,54166667;55,375;57,41666667;97,375;;1,325;
03/09/2024;1150;0;1003,708333;1010,8;1004,033333;1003,416667;539,2583333;0,539258333;33,5;31,85833333;23,075;32,67083333;30,925;23,62083333;22,22083333;12,96666667;65,20833333;56,79166667;61;207,6666667;;0,916666667;
04/09/2024;1150;0;1003,870833;1010,941667;1004,2125;1003,566667;800,6041667;0,800604167;34,20833333;32,5;22,69166667;33,1125;31,8875;23,3875;21,9875;12,97083333;62,375;55,41666667;58,66666667;118,8333333;;1,470833333;
05/09/2024;1150;0;1003,758333;1010,825;1004,045833;1003,454167;586,3208333;0,586320833;34,79166667;32,79166667;22,09583333;33,45833333;32,2375;22,4875;21,59166667;12,95;56,125;51,95833333;54,25;80,58333333;;1,4;
06/09/2024;1150;0,066666667;1003,31875;1010,439583;1003,708333;1002,904167;595,525;0,595525;32,0625;30,01041667;22,39791667;30,84375;29,31041667;22,97083333;21,63125;12,95833333;68,3125;60,625;65,02083333;130,9791667;;1,39375;
07/09/2024;1150;0;1003,475;1010,591667;1003,766667;1003,191667;786,7333333;0,786733333;31,91666667;30,48333333;22,80833333;30,97083333;29,875;23,39583333;22,37916667;12,96666667;70,20833333;64,54166667;66,79166667;113,5833333;;1,520833333;
08/09/2024;1150;0;1004,316667;1011,3875;1004,608333;1004,008333;852,0333333;0,852033333;34,16666667;32,62083333;20,12916667;33,15;32,07083333;20,82916667;19,47083333;12,96666667;52,16666667;47,08333333;49,5;70,54166667;;1,720833333;
09/09/2024;1150;0;1004,275;1011,35;1004,575;1003,941667;650,9416667;0,650941667;34,29166667;32,28333333;22,5625;32,82916667;31,825;22,92916667;22,07083333;12,95416667;59,29166667;54,79166667;57,375;67,20833333;;1,841666667;
10/09/2024;1150;0;1003,766667;1010,854167;1004,108333;1003,508333;732,2416667;0,732241667;33,875;32,10833333;23,11666667;32,67916667;31,5875;23,5375;22,6625;12,9625;63,54166667;58,5;61,04166667;105,4583333;;1,570833333;
11/09/2024;1150;0;1002,729167;1009,791667;1003,0375;1002,433333;756,4625;0,7564625;34,45833333;32,62916667;21,47083333;33,20416667;32,1875;21,92083333;20,95;12,95833333;55,04166667;50,91666667;53,125;66,125;;2,2625;
12/09/2024;1150;0;1003,183333;1010,241667;1003,420833;1002,895833;873,6625;0,8736625;34,54166667;32,92916667;20,74583333;33,45416667;32,41666667;21,22083333;20,04583333;12,95833333;52,33333333;47,70833333;50,16666667;73,41666667;;2,520833333;
13/09/2024;1150;0;1003,054167;1010,1;1003,3375;1002,754167;809,3875;0,8093875;34,95833333;33,17083333;20,44166667;33,65833333;32,69166667;20,89583333;19,9;12,9625;49,58333333;45,83333333;47,70833333;66,08333333;;2,125;
14/09/2024;1150;0;1003,7875;1010,85;1004,079167;1003,4875;777,6208333;0,777620833;34,70833333;32,66666667;22,05833333;33,19583333;32,24583333;22,40416667;21,71666667;12,9625;56,16666667;52,79166667;54,66666667;65,125;;2,308333333;
15/09/2024;1150;0;1004,354167;1011,420833;1004,695833;1004,041667;761,8791667;0,761879167;34,79166667;32,7625;22,27083333;33,24583333;32,38333333;22,62916667;21,91666667;12,975;56,33333333;53,125;54,875;69,54166667;;2,2375;
16/09/2024;1150;0;1004,683333;1011,754167;1004,975;1004,341667;830,9083333;0,830908333;34,66666667;32,78333333;22,2;33,32916667;32,35833333;22,6875;21,8125;12,97083333;57,625;53,54166667;55,54166667;78,5;;2,258333333;
17/09/2024;1150;0;1003,541667;1010,5875;1003,8875;1003,291667;727,7375;0,7277375;35,25;33,3875;21,79583333;33,8875;32,95416667;22,1625;21,37083333;12,9375;53,20833333;49,79166667;51,66666667;71,08333333;;1,991666667;
18/09/2024;1150;0;1002,939583;1009,979167;1003,26875;1002,6375;730,2520833;0,730252083;35,20833333;33,22291667;22,02083333;33,83333333;32,68958333;22,39791667;21,6;12,95208333;55,14583333;51,10416667;53,125;82,6875;;1,9375;
19/09/2024;1150;0;1003,597917;1010,714583;1003,964583;1003,266667;516,525;0,516525;32,47916667;30,68333333;22,80833333;31,2375;30,08333333;23,29166667;22,36875;12,93958333;67,375;61,8125;64,4375;188,3333333;;1,385416667;
20/09/2024;1150;0;1001,666667;1008,725;1001,966667;1001,39375;900,08125;0,90008125;34,20833333;32,7125;21,30625;33,25416667;32,10833333;21,70208333;20,83541667;12,975;54,27083333;50,45833333;52,22916667;74,66666667;;1,977083333;
21/09/2024;1150;0;1001,814583;1008,85;1002,077083;1001,516667;844,3333333;0,844333333;35,3125;33,4125;20,5875;34,04583333;32,91458333;21,02708333;20,2375;12,99166667;49,9375;46,1875;48,0625;67,22916667;;2,447916667;
22/09/2024;1150;0;1001,9875;1009,029167;1002,283333;1001,716667;791,9208333;0,791920833;35;32,95416667;19,97916667;33,60833333;32,45833333;20,59583333;19,15416667;12,97916667;50,29166667;45,08333333;47,83333333;67,79166667;;2,141666667;
23/09/2024;1150;0;1002,479167;1009,5125;1002,754167;1002,166667;760,95;0,76095;35,33333333;33,26666667;20,86666667;33,99166667;32,80416667;21,37083333;20,46666667;12,98333333;51,70833333;47,5;49,66666667;56,58333333;;1,8125;
24/09/2024;1150;0,841666667;1004,020833;1011,1625;1004,341667;1003,616667;229,6583333;0,229658333;31,20833333;29,2125;22,30416667;30,22083333;28,68333333;22,8125;21,6;12,87916667;70,95833333;62,45833333;67,79166667;94,66666667;;1,416666667;
25/09/2024;1150;0;1003,354167;1010,495833;1003,7125;1003,0875;649,8958333;0,649895833;30,41666667;29,17916667;23,02916667;29,6125;28,57083333;23,54166667;22,5875;12,95416667;74,79166667;70,20833333;71,91666667;125,5833333;;1,120833333;
26/09/2024;1150;0;1003,283333;1010,4;1003,6375;1002,841667;635,2208333;0,635220833;32,75;30,55;23,42916667;31,3375;29,85;24,00833333;22,83333333;13;70,29166667;63,375;66,79166667;218,4583333;;1;
27/09/2024;1150;0;1003,433333;1010,545833;1003,833333;1003,045833;729,6375;0,7296375;32,875;30,9875;22,64166667;31,725;30,2875;23,2;21,94166667;12,99166667;66,75;59,54166667;63,25;177,7916667;;1,175;
28/09/2024;1150;1,8125;1004,585417;1011,775;1005,029167;1004,072917;547,1833333;0,547183333;29,97916667;27,89791667;22,73333333;28,39375;27,24583333;23,275;22,09583333;13,01666667;79,04166667;72,20833333;75,66666667;157,25;;1,433333333;
29/09/2024;1150;0,083333333;1003,5875;1010,75;1003,9625;1003,25;471,9625;0,4719625;30,70833333;28,44583333;24,30833333;29,075;28,07916667;24,71666667;23,87916667;13,02916667;81,29166667;75,54166667;78,91666667;200,1666667;;0,9875;
30/09/2024;1150;0,008333333;1005,1125;1012,3125;1005,4625;1004,775;514,475;0,514475;28,875;26,99583333;22,54583333;27,5125;26,54583333;22,94166667;22,175;12,98333333;80,20833333;74,83333333;77,75;269,3333333;;1,3625;
01/10/2024;1150;0;1004,804167;1011,979167;1005,170833;1004,470833;436,7541667;0,436754167;30,16666667;28,30833333;23,28333333;28,82916667;27,80416667;23,62083333;22,84166667;13;77,54166667;72,04166667;74,79166667;195,0416667;;0,916666667;
02/10/2024;1150;0;1003,129167;1010,241667;1003,4875;1002,816667;881,275;0,881275;32,125;30,40833333;21,9125;31,13333333;29,72916667;22,62916667;21,32916667;13,00833333;66,58333333;59,79166667;62,75;140,125;;1,0125;
03/10/2024;1150;0;1002,9875;1010,091667;1003,3375;1002,545833;775,8333333;0,775833333;32,91666667;30,70416667;22,2125;31,6875;29,89166667;22,84583333;21,63333333;12,99166667;65,20833333;57,91666667;61,625;144,25;;1,179166667;
04/10/2024;1150;0;1004,708333;1011,845833;1005,083333;1004,333333;883,45;0,88345;31,20833333;29,39166667;21,85;29,8625;28,7875;22,3875;21,29166667;13,02083333;69,41666667;63,75;66,375;153,375;;1,541666667;
05/10/2024;1150;0;1004,35;1011,454167;1004,716667;1003,954167;780,9375;0,7809375;33,04166667;31;22,6375;31,80416667;30,45416667;23,2125;22,15;13,00833333;64,75;59,125;62,29166667;183,7916667;;1,120833333;
06/10/2024;1150;0,616666667;1004,758333;1011,941667;1005,15;1004,389583;595,4083333;0,595408333;30,25;28,15;22,64375;29,05;27,48958333;23,28958333;22,15;13,00416667;76,70833333;69,47916667;72,89583333;223,5833333;;1,152083333;
07/10/2024;1150;0,041666667;1003,975;1011,15;1004,358333;1003,620833;634,2458333;0,634245833;28,66666667;27,5;22,52916667;27,875;26,96666667;23,02916667;22,15;13,01666667;78,25;72,70833333;75,08333333;131,375;;1,370833333;
08/10/2024;1150;0;1003,129167;1010,241667;1003,458333;1002,8;877,7583333;0,877758333;32,08333333;30,62916667;23,26666667;31,17916667;30,025;23,725;22,82916667;13,02083333;69,29166667;63,75;66,33333333;90,41666667;;1,691666667;
09/10/2024;1150;0;1003,245833;1010,316667;1003,527083;1002,960417;893,2416667;0,893241667;33,8125;32,25833333;21,75;32,76875;31,78333333;22,27291667;21,40208333;13,00416667;57,5625;53,39583333;55,39583333;65,89583333;;2,179166667;
10/10/2024;1150;0;1004,004167;1011,083333;1004,3;1003,708333;676,65;0,67665;34,125;32,45416667;21,14583333;33,24166667;31,9375;21,74166667;20,81666667;12,98333333;54,58333333;49,70833333;52,08333333;66,16666667;;1,525;
11/10/2024;1150;0;1003,354167;1010,416667;1003,6625;1003,054167;735,8416667;0,735841667;34,41666667;33,025;20,6;33,65833333;32,21666667;21,36666667;20,17083333;12,99583333;52,95833333;46,875;49,20833333;142;;1,2625;
12/10/2024;1150;0;1003,858333;1010,925;1004,15;1003,558333;889,3166667;0,889316667;34,20833333;32,59583333;21,76666667;33,24583333;32,02083333;22,32916667;21,09166667;12,9875;56,91666667;51,41666667;54,25;117,5;;1,2125;
13/10/2024;1150;0,558333333;1006,016667;1013,170833;1006,379167;1005,55;677,8291667;0,677829167;31,75;29,7125;23,00416667;30,62083333;29,05833333;23,59583333;22,325;13,0125;71,41666667;64,25;68,20833333;115,4583333;;1,391666667;
14/10/2024;1150;0;1006,820833;1013,954167;1007,2;1006,491667;746,8791667;0,746879167;32;30,225;23,29583333;30,7;29,6375;23,8875;22,61666667;13,02083333;71,20833333;65,08333333;68;191,0416667;;1,108333333;
15/10/2024;1150;0;1005,7625;1012,891667;1006,1625;1005,383333;724,3833333;0,724383333;32,375;30,00416667;23,3;30,8375;29,42916667;24,02083333;22,88333333;13,01666667;72,125;65,79166667;68,83333333;246,5;;1,1625;
16/10/2024;1150;0,016666667;1005,597917;1012,779167;1005,975;1005,191667;438,2625;0,4382625;30,20833333;28,04791667;23,27083333;28,68958333;27,56041667;23,8375;22,73541667;13,02916667;78,58333333;72,10416667;75,85416667;220,7708333;;1,033333333;
17/10/2024;1150;0;1005,104167;1012,2625;1005,483333;1004,758333;552,675;0,552675;30,125;28,8125;23,52916667;29,1375;28,27916667;24,05833333;23,01666667;13,00416667;77,58333333;72,375;74,375;160,9166667;;0,991666667;
18/10/2024;1150;0;1003,694444;1010,811111;1004,073611;1003,413889;809,2055556;0,809205556;32,40277778;30,70416667;22,61111111;31,45277778;30,11944444;23,04722222;22,16805556;13,02361111;66,20833333;59,98611111;63,18055556;55,48611111;;1,6125;
19/10/2024;1150;0;1001,455556;1008,526389;1001,872222;1001,206944;596,4611111;0,596461111;33,09722222;31,52916667;23,56805556;32,14305556;30,65138889;24,04861111;22,86527778;13,00555556;67,20833333;60,38888889;63,77777778;174,6805556;;1,070833333;
20/10/2024;1150;0,008333333;1001,295833;1008,4625;1001,683333;1000,829167;529,5291667;0,529529167;30,58333333;28,24166667;22,74166667;29,02083333;27,69166667;23,22916667;22,25833333;13,03333333;75,04166667;68,91666667;72,45833333;144,125;;1,6;
21/10/2024;1150;0;1001,202083;1008,325;1001,495833;1000,91875;926,2354167;0,926235417;31;29,35833333;23,73541667;29,76875;28,76666667;24,0625;23,33541667;13,01875;76,02083333;71,52083333;73,60416667;140,5416667;;1,529166667;
22/10/2024;1150;1,25;1004,270833;1011,508333;1004,691667;1003,758333;208,5166667;0,208516667;28,08333333;26,27083333;23,10416667;26,87083333;25,94166667;23,55416667;22,8125;13,02916667;85,5;80,33333333;83,20833333;100,4583333;;1,95;
23/10/2024;1150;0;1003,808333;1010,9625;1004,1375;1003,541667;666,2916667;0,666291667;29,875;28,6625;23,39583333;29,07083333;28,125;23,80833333;23,0375;13;77,625;73,29166667;75,20833333;100;;1,158333333;
24/10/2024;1150;0;1002,202083;1009,310417;1002,495833;1001,9625;677,8208333;0,677820833;32,72916667;30,84791667;23,53541667;31,60833333;30,20833333;24,24583333;23,03125;12,9875;70,95833333;63,58333333;66,97916667;172,2916667;;0,85;
25/10/2024;1150;0;1002,058333;1009,129167;1002,3625;1001,725;843,8291667;0,843829167;33,33333333;31,99166667;23,1625;32,51666667;31,3625;23,69583333;22,55833333;12,98333333;63,375;58,41666667;60,625;90,25;;1,383333333;
26/10/2024;1150;0;1002,475;1009,54375;1002,8125;1002,2;668,1916667;0,668191667;33,72916667;32,03541667;23,28541667;32,57291667;31,56041667;23,8375;22,95833333;13,0125;63,1875;58,58333333;60,72916667;95,1875;;1,479166667;
27/10/2024;1150;0;1002,795833;1009,8875;1003,041667;1002,395833;425,7375;0,4257375;32,79166667;31,01666667;23,05416667;31,64583333;30,64166667;23,55416667;22,7125;13,01666667;65;60,375;63,04166667;68,79166667;;1,6625;
28/10/2024;1150;0,483333333;1004,166667;1011,3125;1004,491667;1003,854167;709,2833333;0,709283333;30,29166667;28,625;23,35416667;28,97083333;28,02083333;23,82916667;22,89166667;12,99166667;78,66666667;73,04166667;75,41666667;138,25;;1,683333333;
29/10/2024;1150;0;1003,733333;1010,833333;1004,041667;1003,4875;896,9916667;0,896991667;32,54166667;30,99166667;22,525;31,63333333;30,4125;23,25833333;22,04583333;13;67,08333333;60,58333333;63,5;145,625;;1,316666667;
30/10/2024;1150;0;1002,875;1009,975;1003,204167;1002,5625;878,1166667;0,878116667;33,29166667;31,43333333;22,6;32,2125;30,70416667;23,4625;21,90833333;13;64,91666667;57,16666667;60,91666667;228,0416667;;1;
31/10/2024;1150;0,366666667;1002,2625;1009,420833;1002,645833;1001,9;532,7416667;0,532741667;30,20833333;28,04583333;23,73333333;28,84166667;27,57916667;24,1875;23,17916667;13,02083333;80,66666667;73,70833333;78,16666667;123,5416667;;1,6375;
01/11/2024;1150;0,008333333;1000,9;1008,0125;1001,270833;1000,595833;821,0083333;0,821008333;31,625;29,95;23,5625;30,55833333;29,34583333;24,175;23,09166667;13,00416667;74,54166667;68,41666667;71,16666667;44,95833333;;1,445833333;
02/11/2024;1150;0;1001,120833;1008,2;1001,425;1000,804167;770,2375;0,7702375;33,04166667;31,24166667;23,6375;31,725;30,87083333;24,06666667;23,25416667;12,99166667;67,70833333;63,04166667;65,33333333;98,20833333;;1,675;
03/11/2024;1150;0;1001,054167;1008,141667;1001,366667;1000,741667;873,6583333;0,873658333;32,95833333;31,27916667;22,95833333;31,79166667;30,8;23,44166667;22,55;12,99583333;65,25;60,41666667;62,75;112,6666667;;1,670833333;
04/11/2024;1150;0,191666667;1002,233333;1009,3625;1002,5875;1001,758333;300,0916667;0,300091667;30,875;29,09583333;23,75833333;29,84166667;28,68333333;24,3;23,18333333;12,92083333;75,83333333;70,375;73,54166667;211,4166667;;0,966666667;
05/11/2024;1150;0;1002,704167;1009,829167;1003,104167;1002,383333;852,5625;0,8525625;30,70833333;29,2875;23,19583333;29,775;28,75416667;23,69166667;22,86666667;12,99583333;74,70833333;69,95833333;71,79166667;69,95833333;;1,745833333;
06/11/2024;1150;2,358333333;1002,789583;1009,95;1003,08125;1002,416667;357,0833333;0,357083333;30,14583333;28,2;23,58333333;28,9625;27,77083333;24,04583333;23,1125;12,92916667;79,39583333;73,64583333;77,39583333;117,3125;;1,4625;
07/11/2024;1150;0;1002,00625;1009,158333;1002,354167;1001,741667;894,3875;0,8943875;29,70833333;28,05416667;23,04166667;28,41458333;27,49166667;23,675;22,7125;12,975;79,97916667;75,04166667;76,60416667;119,5208333;;1,2125;
08/11/2024;1150;0;1001,433333;1008,525;1001,797917;1001,05;665,7708333;0,665770833;32,47916667;30,5;24,29375;31,14583333;29,98333333;24,83333333;23,88541667;13,03125;72,79166667;67,5;69,875;136,4166667;;1,302083333;
09/11/2024;1150;0;1000,88125;1007,975;1001,227083;1000,55;808,6333333;0,808633333;32,35416667;30,73333333;23,85416667;31,20208333;30,13541667;24,42083333;23,40208333;12,95;71,58333333;65,875;68,54166667;81,29166667;;1,870833333;
10/11/2024;1150;0,016666667;1003,314583;1010,48125;1003,664583;1002,8875;434,7875;0,4347875;30,4375;28,3125;23,4625;28,85208333;27,9125;23,88541667;22,99375;12,94791667;78,125;72,47916667;75,52083333;249,1458333;;1,466666667;
11/11/2024;1150;0;1002,829167;1009,979167;1003,129167;1002,554167;746,8791667;0,746879167;30,29166667;28,43333333;22,87083333;28,88333333;27,95416667;23,3625;22,41666667;12,975;76,33333333;71,125;73,41666667;242,0833333;;1,0375;
12/11/2024;1150;0;1001,583333;1008,6875;1001,975;1001,3125;733,7375;0,7337375;32,33333333;30,73333333;23,79166667;31,20833333;30,25;24,27916667;23,39166667;12,9625;70,91666667;65,875;68,20833333;72,45833333;;1,658333333;
13/11/2024;1150;0,308333333;1000,958333;1008,079167;1001,254167;1000,429167;398,1166667;0,398116667;31,45833333;29,3625;23,6375;30,225;28,9;24,025;22,875;12,93333333;74,04166667;67,41666667;71,83333333;133,5833333;;1,525;
14/11/2024;1150;0;1002,445833;1009,633333;1002,8375;1002,141667;548,7291667;0,548729167;28,45833333;26,76666667;22,64583333;27,17916667;26,27916667;23,05416667;22,24583333;12,94583333;81,41666667;76,79166667;78,83333333;144,625;;1,179166667;
15/11/2024;1150;0,391666667;1001,779167;1008,958333;1002,075;1001,375;316,1041667;0,316104167;29,45833333;27,66666667;23,71666667;28,2625;27,2375;24,12083333;23,275;12,9125;82,125;76,20833333;79,625;159,6666667;;0,991666667;
16/11/2024;1150;0,0375;1002,860417;1010,058333;1003,247917;1002,497917;493,45;0,49345;28,1875;26,59166667;23,06041667;26,97083333;26,2375;23,4375;22,68333333;12,95;84,08333333;79,4375;81,75;81,70833333;;2,022916667;
17/11/2024;1150;0;1002,616667;1009,754167;1002,933333;1002,329167;799,7208333;0,799720833;30;28,52916667;22,95416667;29,075;27,975;23,5375;22,52083333;12,96666667;76,29166667;70,70833333;73,25;73,70833333;;1,375;
18/11/2024;1150;0;1001,708333;1008,804167;1002,054167;1001,402083;867,4208333;0,867420833;32,47916667;30,91458333;23,26041667;31,47291667;30,36458333;23,86666667;22,6875;12,94791667;68,16666667;62,54166667;65,33333333;111,4791667;;1,297916667;
19/11/2024;1150;0,016666667;1002,125;1009,266667;1002,425;1001,716667;445,2708333;0,445270833;31,08333333;29,05833333;23,6875;29,7625;28,60416667;24,3;23,17083333;12,8625;76,16666667;69,79166667;73,45833333;168,3333333;;0,966666667;
20/11/2024;1150;0;1002,883333;1010,045833;1003,258333;1002,479167;562,4083333;0,562408333;29,25;27,675;23,75833333;28,00833333;27,10416667;24,12916667;23,40416667;12,92916667;82,91666667;78,45833333;80,08333333;107,9583333;;1,283333333;
21/11/2024;1150;0,225;1003,21875;1010,395833;1003,575;1002,910417;405,4541667;0,405454167;29,64583333;27,9625;24,36458333;28,70625;27,41458333;24,9;23,83958333;12,98958333;84,70833333;77,10416667;81,29166667;206,2291667;;0,785416667;
22/11/2024;1150;0;1003,420833;1010,583333;1003,779167;1003,075;602,625;0,602625;29,83333333;28,04166667;24,17083333;28,50833333;27,55833333;24,575;23,725;12,99583333;83,04166667;78,16666667;80,45833333;190,8333333;;1,208333333;
23/11/2024;1150;0,008333333;1004,016667;1011,175;1004,375;1003,670833;561,8041667;0,561804167;30,45833333;28,55416667;23,6875;29,0625;28,0375;24,14583333;23,2625;12,99583333;78,375;72,79166667;75,54166667;209;;1,295833333;
24/11/2024;1150;0,325;1004,029167;1011,1875;1004,354167;1003,716667;704,9625;0,7049625;30,91666667;28,8125;24,47916667;29,6625;28,1125;25,175;23,80416667;12,95416667;82,5;73,5;78,25;244,1666667;;0,691666667;
25/11/2024;1150;0,783333333;1004;1011,158333;1004,391667;1003,65;533,8875;0,5338875;30,16666667;28,5625;24,65;29,34583333;27,75833333;25,2875;24,17916667;12,9625;84,58333333;76,29166667;80,16666667;185,375;;0,829166667;
26/11/2024;1150;0,041666667;1004,029167;1011,225;1004,441667;1003,691667;288,575;0,288575;28,66666667;27,35833333;23,9375;27,9125;26,89166667;24,39583333;23,49583333;12,9625;85,08333333;78,95833333;81,91666667;144,5833333;;1,191666667;
27/11/2024;1150;0;1002,7375;1009,879167;1003,145833;1002,35;641,1916667;0,641191667;30,08333333;28,92083333;23,9625;29,23333333;28,43333333;24,3875;23,65416667;12,975;78,79166667;74,375;75,91666667;63,70833333;;1,691666667;
28/11/2024;1150;0;1002,25;1009,345833;1002,575;1001,9125;682,0208333;0,682020833;32,20833333;30,62916667;22,92916667;31,325;30,13333333;23,67083333;22,325;12,94583333;67,875;61,66666667;64,83333333;113,4583333;;1,183333333;
29/11/2024;1150;0;1002,8625;1009,954167;1003,1625;1002,53125;697,65;0,69765;32,77083333;31,33958333;22,56458333;31,9625;30,80416667;23,32916667;22,01666667;12,95833333;64,22916667;57,875;61,10416667;84,4375;;1,33125;
30/11/2024;1150;0;1002,9375;1010,020833;1003,279167;1002,616667;644,625;0,644625;33,25;31,74583333;22,7375;32,42916667;31,17916667;23,41666667;22,1125;12,97083333;64,33333333;57,5;60,91666667;69,375;;1,020833333;
01/12/2024;1150;0,558333333;1003,025;1010,145833;1003,383333;1002,679167;593,7583333;0,593758333;32,08333333;30,23333333;23,96666667;31,1125;29,36666667;24,64583333;23,29166667;12,95;74,41666667;65,625;70;152,2083333;;1,070833333;
02/12/2024;1150;0;1001,983333;1009,08125;1002,279167;1001,675;765,6541667;0,765654167;32,22916667;30,72708333;23,04375;31,39375;30,19375;23,7125;22,57291667;12,95625;68,02083333;61,97916667;64,79166667;52,35416667;;1,716666667;
03/12/2024;1150;0;1002,258333;1009,358333;1002,5875;1001,916667;662,1833333;0,662183333;32,41666667;30,79583333;23,02916667;31,48333333;30,2625;23,4625;22,55833333;12,94583333;66,25;60,625;63,58333333;51,29166667;;1,825;
04/12/2024;1150;0,291666667;1002,495833;1009,6;1002,858333;1002,166667;645,9;0,6459;31,91666667;30,30833333;23,44166667;31,10416667;29,72083333;23,95;22,94583333;12,95833333;70,5;63,5;67,45833333;70,04166667;;1,670833333;
05/12/2024;1150;0,033333333;1001,854167;1008,991667;1002,195833;1001,554167;616,3791667;0,616379167;30,79166667;29,07916667;24,35;29,6875;28,45833333;24,85833333;23,84166667;12,925;80,54166667;73,95833333;77,08333333;98,58333333;;1,4;
06/12/2024;1150;0,45;1002,766667;1009,970833;1003,025;1002,445833;193,3583333;0,193358333;28,08333333;26,38333333;24,28333333;26,80416667;26,09166667;24,59583333;24,0125;12,89583333;90,125;86;88,33333333;120,75;;1,383333333;
07/12/2024;1150;0,016666667;1003,358333;1010,545833;1003,683333;1003,0375;489,1708333;0,489170833;27,79166667;26,57916667;23,95416667;26,95;26,1625;24,15416667;23,69166667;12,94583333;88,29166667;84,08333333;85,95833333;73,04166667;;1,720833333;
08/12/2024;1150;0,45;1003,566667;1010,745833;1003,895833;1003,229167;464,4583333;0,464458333;29,375;27,85;23,60833333;28,55;27,32083333;24,17916667;23,32083333;12,97916667;82,08333333;75,33333333;78,66666667;82,45833333;;1,520833333;
09/12/2024;1150;0,025;1003,291667;1010,4625;1003,629167;1002,995833;450,5625;0,4505625;29,04166667;27,7375;23,6;28,43333333;27,1125;24,1875;23,1625;12,9875;82,83333333;75,08333333;78,75;98,66666667;;1,1875;
10/12/2024;1150;2,033333333;1002,7375;1009,933333;1003,083333;1002,404167;232,6875;0,2326875;27,95833333;26,775;25,025;27,29583333;26,20416667;25,4625;24,39166667;12,96666667;93,16666667;87,04166667;90,33333333;198,9583333;;0,6375;
11/12/2024;1150;0;1003,083333;1010,2875;1003,395833;1002,716667;360,3333333;0,360333333;27,54166667;26,14583333;23,30833333;26,5125;25,8625;23,66666667;23,02916667;13,00416667;86,75;82,79166667;84,70833333;135,7083333;;1,566666667;
12/12/2024;1150;0,95;1002,9875;1010,1875;1003,358333;1002,629167;722,8458333;0,722845833;29,04166667;27,2125;22,90416667;28,09583333;26,55833333;23,45833333;22,3625;13,00416667;81,79166667;74,91666667;78,66666667;167,4166667;;0,920833333;
13/12/2024;1150;1,883333333;1002,5;1009,704167;1002,870833;1002,175;411,8166667;0,411816667;27,5;25,71666667;23,9;26,2375;25,18333333;24,325;23,51666667;12,90833333;92,79166667;87,5;90,29166667;152,9166667;;1,170833333;
14/12/2024;1150;0,775;1002,025;1009,25;1002,4;1001,616667;592,7208333;0,592720833;27,45833333;25,975;23,53333333;26,725;25,20416667;24,13333333;22,97083333;12,92916667;91;83,20833333;87,16666667;138,1666667;;1;
15/12/2024;1150;0,525;1002,791667;1009,9875;1003,1125;1002,4125;489,5916667;0,489591667;28,25;26,55416667;23,24166667;27,1875;25,99166667;23,8625;22,78333333;12,99166667;86,70833333;78,95833333;82,625;98,16666667;;1,495833333;
16/12/2024;1150;0,291666667;1003,508333;1010,714583;1003,820833;1003,097917;319,8270833;0,319827083;27,72916667;26,18541667;23,36041667;26,74375;25,7125;23,8875;22,97291667;12,84166667;87,9375;81,97916667;84,89583333;87,20833333;;1,097916667;
17/12/2024;1150;0,391666667;1005,708333;1012,979167;1006,0875;1005,329167;226,4833333;0,226483333;26,41666667;24,90833333;23,24583333;25,17083333;24,65416667;23,50416667;23,0125;12,86666667;92,04166667;89,29166667;90,70833333;138,625;;1,3125;
18/12/2024;1150;0,15;1005,25625;1012,4875;1005,58125;1004,95;397,2708333;0,397270833;27,64583333;26,15208333;23,63125;26,60416667;25,67708333;24,1;23,31666667;12,9875;89,47916667;84,16666667;86,4375;171,9375;;0,76875;
19/12/2024;1150;0,166666667;1004,833333;1012,033333;1005,195833;1004,433333;444,7875;0,4447875;28,41666667;26,6875;23,77083333;27,24166667;26,21666667;24,23333333;23,39583333;12,97083333;86,95833333;81,58333333;84,625;92,95833333;;1,483333333;
20/12/2024;1150;0,741666667;1003,64375;1010,847917;1003,972917;1003,358333;336,925;0,336925;28,22916667;26,82083333;23,82291667;27,49583333;26,29166667;24,21041667;23,43333333;12,96458333;86,9375;80,91666667;84,0625;109,7708333;;0,908333333;
21/12/2024;1150;0,008333333;1003,152083;1010,297917;1003,497917;1002,864583;642,3291667;0,642329167;29,91666667;28,31666667;24,41875;28,78125;27,73333333;24,90208333;23,925;12,96458333;83,625;78,66666667;80,64583333;106,5416667;;1,36875;
22/12/2024;1150;0;1003,945833;1011,104167;1004,245833;1003,6125;453,25;0,45325;30,16666667;28,45416667;24,25416667;29,04583333;27,99166667;24,8;23,65833333;12,94583333;81,54166667;74,75;78,70833333;135,9583333;;0,870833333;
23/12/2024;1150;0;1003,908333;1011,066667;1004,241667;1003,591667;792,6333333;0,792633333;30,375;28,84166667;24,13333333;29,36666667;28,14166667;24,6375;23,425;12,95;80,125;73,04166667;76,83333333;137,4166667;;1,070833333;
24/12/2024;1150;0,566666667;1003,2125;1010,379167;1003,570833;1002,875;574,8208333;0,574820833;30,20833333;28,31666667;24,65833333;29,04166667;27,76666667;25,2125;24,19166667;12,9625;84,29166667;77,125;80,95833333;196,6666667;;1,058333333;
25/12/2024;1150;0,975;1003,141667;1010,329167;1003,475;1002,841667;416,2666667;0,416266667;28,5;26,65833333;24,44583333;27,34166667;26,05833333;25,04166667;23,9875;12,9;90,79166667;85,08333333;88,16666667;183,375;;0,929166667;
26/12/2024;1150;0,658333333;1003,533333;1010,7625;1003,8875;1003,166667;275,5291667;0,275529167;27,375;25,9625;24,10833333;26,41666667;25,54166667;24,47083333;23,83333333;12,9625;92,16666667;87,375;89,83333333;108,625;;0,95;
27/12/2024;1150;0,125;1003,860417;1011,060417;1004,14375;1003,5125;426,49375;0,42649375;28,33333333;26,65416667;24,24583333;27,24375;26,1375;24,7;23,86041667;12,95833333;89,89583333;83,72916667;86,875;112,7291667;;1,10625;
28/12/2024;1150;0;1004,308333;1011,5;1004,65;1003,995833;491,5875;0,4915875;28,66666667;26,81666667;23,9875;27,41666667;26,35;24,5125;23,60416667;12,94583333;87,70833333;82,33333333;85,04166667;142,25;;1,045833333;
29/12/2024;1150;0,225;1004,408333;1011,645833;1004,716667;1004,058333;257,0875;0,2570875;27,125;25,4375;23,39583333;25,95416667;25,1;23,86666667;23,13333333;12,92916667;90,83333333;86,5;88,66666667;151,875;;0,970833333;
30/12/2024;1150;0,358333333;1003,804167;1011,045833;1004,195833;1003,483333;566,6208333;0,566620833;27,41666667;25,8375;23,67083333;26,42083333;25,30416667;24,075;23,25;12,84583333;91,29166667;85,375;88,5;131,1666667;;0,975;
31/12/2024;1150;0;1002,825;1010,025;1003,175;1002,516667;728,9;0,7289;28,625;27,19166667;23,77916667;27,71666667;26,67083333;24,22916667;23,35416667;12,9;85,54166667;80,375;83;130,25;;1,316666667;
