data,mes,dia,ET_PM,ET_PT,ET_TH,ET_THC,ET_HS,ET_HS_CAL,ET_CAM,ET_CAM_CAL
2024-01-01,1,1,4.8356822546167715,4.741823284753418,3.8318417819232695,4.221424204872022,15.160164771194506,4.246856921517963,10.488075,4.346108244061073
2024-01-02,1,2,4.2101534403982575,4.316533550358874,3.8318417819232695,4.221424204872022,15.500178209766933,4.342105782384839,9.835972999999997,4.075886503830504
2024-01-03,1,3,4.395926947281938,4.914577539449364,3.8318417819232695,4.221424204872022,15.518522462143482,4.347244606160913,10.517045,4.358112997634102
2024-01-04,1,4,4.553091212988407,4.5548077253189785,3.8318417819232695,4.221424204872022,14.591838190478315,4.0876500982792585,10.692647999999998,4.430880368765778
2024-01-05,1,5,5.150531762733958,5.082797498729883,3.8318417819232695,4.221424204872022,16.193530275126914,4.5363363242202235,12.2194,5.063544556792345
2024-01-06,1,6,5.9743258733056015,6.238548662533094,3.8318417819232695,4.221424204872022,17.099017604307623,4.789992876725814,14.249587000000002,5.904825006987984
2024-01-07,1,7,5.584371716784555,5.913590468401859,3.8318417819232695,4.221424204872022,18.102938749079918,5.071223953477398,13.498860000000002,5.5937344776259
2024-01-08,1,8,4.051121527517813,4.228676355757031,3.8318417819232695,4.221424204872022,16.312719899310377,4.569725227842066,10.297905,4.267304516515924
2024-01-09,1,9,5.737546690254853,6.181268099021945,3.8318417819232695,4.221424204872022,17.194726334134526,4.816804015512866,13.555905000000001,5.617373109575277
2024-01-10,1,10,5.070582566791343,5.4275935225906595,3.8318417819232695,4.221424204872022,16.329457093415684,4.5744138621482024,11.949942000000004,4.951885016292473
2024-01-11,1,11,3.514468625487382,4.047813296385981,3.8318417819232695,4.221424204872022,14.19470617930577,3.976400461097935,9.712933999999999,4.02490090235063
2024-01-12,1,12,1.407528848988826,1.642551699584036,3.8318417819232695,4.221424204872022,11.518551686893288,3.2267222484476217,5.756654,2.385475066454726
2024-01-13,1,13,3.6337830721988538,3.9895916756509364,3.8318417819232695,4.221424204872022,11.995881327396086,3.3604378589445956,8.4664,3.5083550448980074
2024-01-14,1,14,5.622558848562409,6.507883036939722,3.8318417819232695,4.221424204872022,16.01673017795892,4.486808846932536,12.792780000000002,5.301145026371343
2024-01-15,1,15,5.463608272350389,6.2943212803995365,3.8318417819232695,4.221424204872022,13.556457639464577,3.7976062151261787,12.779051999999998,5.295456339555651
2024-01-16,1,16,4.938904607276172,5.2661623786986675,3.8318417819232695,4.221424204872022,16.85208164399015,4.720818055206818,11.8922,4.927957557513947
2024-01-17,1,17,4.765195961764443,4.717443360305625,3.8318417819232695,4.221424204872022,17.333709211724727,4.855737655389125,11.170310999999998,4.628817082813202
2024-01-18,1,18,5.268472106458151,5.702572892016695,3.8318417819232695,4.221424204872022,18.177315097834633,5.092059196119771,13.434500000000002,5.567064614320406
2024-01-19,1,19,3.881166287367168,4.663720498743757,3.8318417819232695,4.221424204872022,15.332704627155572,4.295190966205804,10.350602,4.28914139946511
2024-01-20,1,20,3.203568180520501,3.848867021337479,3.8318417819232695,4.221424204872022,13.20608112571708,3.6994543186920974,8.464545999999999,3.5075867738201882
2024-01-21,1,21,4.310056569180455,5.0804989939721885,3.8318417819232695,4.221424204872022,13.176669497261203,3.6912151616798803,11.560725,4.790599059391065
2024-01-22,1,22,3.8748373673745196,3.747576942321323,3.8318417819232695,4.221424204872022,12.869202377003022,3.605083586758695,9.602072,3.9789612754740973
2024-01-23,1,23,0.009659394042513222,-0.49801915963636,3.8318417819232695,4.221424204872022,7.182950045034112,2.012178731304602,1.8215261999999999,0.7548143996484806
2024-01-24,1,24,3.4903062656791413,3.640928116573766,3.8318417819232695,4.221424204872022,12.892227871994464,3.611533779368843,8.833965000000001,3.6606687227395858
2024-01-25,1,25,2.902458401019852,2.7082629013777213,3.8318417819232695,4.221424204872022,12.095235648765918,3.3882702469008215,6.675647000000001,2.7662926191070882
2024-01-26,1,26,3.839916476587981,3.9940467969596583,3.8318417819232695,4.221424204872022,13.397484834221403,3.7530727441204474,8.872326,3.6765649723707545
2024-01-27,1,27,3.950101467201574,4.478461025364909,3.8318417819232695,4.221424204872022,14.502348873120674,4.062581219902399,10.557729,4.374971865233865
2024-01-28,1,28,2.9368080742742966,3.588286422567513,3.8318417819232695,4.221424204872022,12.708782543567038,3.5601447559307573,8.22171,3.4069590092823865
2024-01-29,1,29,2.4125781850542323,2.9507647113246716,3.8318417819232695,4.221424204872022,13.867024749353776,3.884606198314676,7.36225,3.050811080187607
2024-01-30,1,30,4.930247340077089,5.7731174625037,3.8318417819232695,4.221424204872022,16.159637498231312,4.526841851282697,12.209727999999998,5.059536618354017
2024-01-31,1,31,3.160714796071209,3.576540732766834,3.8318417819232695,4.221424204872022,15.229967405456591,4.2664109174626095,7.920234,3.282031667612294
2024-02-01,2,32,3.5344022029184483,3.987532700891132,3.9275217240134763,4.1712707106851985,14.296248813999432,4.004845867034243,9.257219999999998,3.836059539914335
2024-02-02,2,33,3.156882643794544,3.5253750219535154,3.9275217240134763,4.1712707106851985,12.93125503850667,3.6224665624045866,8.356425,3.4627829781325983
2024-02-03,2,34,1.4024352758463345,1.4232704461416446,3.9275217240134763,4.1712707106851985,11.72762311896765,3.2852899798540607,4.251710999999999,1.7618482160420426
2024-02-04,2,35,2.1738578321261546,2.122821353539934,3.9275217240134763,4.1712707106851985,11.507772544446727,3.2237026588588473,5.299518000000001,2.196044447560687
2024-02-05,2,36,4.809631973418653,5.443887651907879,3.9275217240134763,4.1712707106851985,15.373798570896312,4.3067027209948705,11.182508,4.633871345130436
2024-02-06,2,37,5.110627577653962,5.759278923423832,3.9275217240134763,4.1712707106851985,15.12125086859607,4.235955867400961,11.953584000000003,4.953394208992265
2024-02-07,2,38,3.332806129829778,3.815746123816497,3.9275217240134763,4.1712707106851985,14.32378404797433,4.012559384714084,8.69022,3.60110285106699
2024-02-08,2,39,5.658938090658603,6.488109227738642,3.9275217240134763,4.1712707106851985,15.460408779549207,4.330965067060564,13.487376,5.588975672308927
2024-02-09,2,40,5.447013369170516,6.086167595587104,3.9275217240134763,4.1712707106851985,15.42051324326759,4.31978902531218,12.535775999999998,5.194646245312217
2024-02-10,2,41,5.645171145257708,5.903874120820809,3.9275217240134763,4.1712707106851985,16.41533818636836,4.598471959110751,13.035712000000002,5.401812571935829
2024-02-11,2,42,5.60438846101187,6.328418528736105,3.9275217240134763,4.1712707106851985,16.311859148562093,4.569484103465898,13.282032,5.503884056233673
2024-02-12,2,43,5.043645454952207,5.600231037452497,3.9275217240134763,4.1712707106851985,13.738817208974785,3.848691082056582,11.405088000000001,4.7261053130380954
2024-02-13,2,44,5.553959591337061,6.236739748717389,3.9275217240134763,4.1712707106851985,15.991479801063207,4.4797353922894665,12.441415,5.155544396782545
2024-02-14,2,45,1.948487717796925,2.3978663893630543,3.9275217240134763,4.1712707106851985,11.030733901650606,3.090068566316553,5.9868999999999994,2.4808857150973114
2024-02-15,2,46,0.9743365535604108,1.0145765708514112,3.9275217240134763,4.1712707106851985,7.901841730440121,2.213563754229235,3.1437406,1.302721132223931
2024-02-16,2,47,2.7433645519550915,3.3792133129757636,3.9275217240134763,4.1712707106851985,11.10719676244892,3.111488309078016,7.637058000000001,3.164687584153677
2024-02-17,2,48,3.6169870277503886,4.350172849604604,3.9275217240134763,4.1712707106851985,11.772718800688239,3.2979227520525227,8.880287000000001,3.679863896885594
2024-02-18,2,49,4.1671315186253,5.1661609724082345,3.9275217240134763,4.1712707106851985,13.057281759241045,3.65777075990671,10.724634,4.44413490959377
2024-02-19,2,50,4.499040070339387,5.681310656486519,3.9275217240134763,4.1712707106851985,13.363886526576042,3.7436607616302497,11.230955999999999,4.653947503263198
2024-02-20,2,51,2.4284545778613382,2.9152063756173314,3.9275217240134763,4.1712707106851985,11.812116210829576,3.3089592524121056,7.0518600000000005,2.9221899044357063
2024-02-21,2,52,2.634034002731534,3.143608326870073,3.9275217240134763,4.1712707106851985,12.090549706477734,3.3869575615348797,7.786401,3.226573186944733
2024-02-22,2,53,3.2752733317045815,3.9920709389253304,3.9275217240134763,4.1712707106851985,13.111173372696326,3.6728675596492306,9.574101000000002,3.967370493209991
2024-02-23,2,54,2.7980905381043555,3.2958637256097894,3.9275217240134763,4.1712707106851985,12.290687674548987,3.4430227381203564,8.042272,3.3326024690118574
2024-02-24,2,55,0.7053069923405088,0.793774041318128,3.9275217240134763,4.1712707106851985,10.508787265856405,2.943854279312404,3.77924,1.5660629925210652
2024-02-25,2,56,4.661582720517765,5.47988659079062,3.9275217240134763,4.1712707106851985,14.266444490982433,3.996496703459425,11.977152000000002,4.963160451042977
2024-02-26,2,57,3.911788940307214,4.183246167087452,3.9275217240134763,4.1712707106851985,12.967745878155503,3.6326888375100066,9.675535,4.009403291757682
2024-02-27,2,58,3.8935683217148283,4.517331415933031,3.9275217240134763,4.1712707106851985,14.406320569918742,4.035680558183364,10.051580000000001,4.165230960289605
2024-02-28,2,59,4.298923408616195,4.978620264090182,3.9275217240134763,4.1712707106851985,13.444133360825207,3.766140518849545,10.788192,4.470472435572183
2024-02-29,2,60,4.071763677899056,4.762226525520739,3.9275217240134763,4.1712707106851985,14.42868868596988,4.041946597498027,10.060402,4.168886670887509
2024-03-01,3,61,3.37767617602485,4.179562962109034,3.783865210006424,3.817276712605035,12.520063502171526,3.5072783933767298,9.450102000000001,3.9159870814632844
2024-03-02,3,62,4.754780908676259,5.231321964310878,3.783865210006424,3.817276712605035,12.941059831150124,3.625213204814504,12.112128,5.019092574559483
2024-03-03,3,63,4.862397910807084,5.617473430280827,3.783865210006424,3.817276712605035,14.591291632815558,4.087496989640393,12.252699000000002,5.077343186037369
2024-03-04,3,64,4.628043859697046,5.535735429639219,3.783865210006424,3.817276712605035,14.280706514163766,4.000491961609757,11.563242,4.791642068184414
2024-03-05,3,65,4.517474038936174,5.394986260103741,3.783865210006424,3.817276712605035,13.017022484248447,3.6464928230743565,10.898480000000001,4.516174205060007
2024-03-06,3,66,3.246218273785072,3.784458504407244,3.783865210006424,3.817276712605035,11.500511803522674,3.221668688363536,8.46307,3.506975140534936
2024-03-07,3,67,3.827636274200748,4.2171494806014,3.783865210006424,3.817276712605035,12.764045700491351,3.575625769760824,9.299514000000002,3.853585568482431
2024-03-08,3,68,3.462492144293367,4.052646867224437,3.783865210006424,3.817276712605035,12.699734972871804,3.55761023610133,8.59265,3.560671238843294
2024-03-09,3,69,1.6312614671701868,2.049893888591478,3.783865210006424,3.817276712605035,11.07211164425343,3.101659822428985,5.77724,2.394005610364094
2024-03-10,3,70,2.6237604506409458,3.180228918976235,3.783865210006424,3.817276712605035,10.905437393441904,3.0549689251741805,6.952758,2.8811234533278585
2024-03-11,3,71,4.397783538260841,4.67027267746228,3.783865210006424,3.817276712605035,12.041307312254101,3.3731631598316674,11.690653000000001,4.8444393639211505
2024-03-12,3,72,4.258701918119493,4.8101547610332185,3.783865210006424,3.817276712605035,14.244570067071994,3.990368963425571,11.384464000000001,4.717559022472332
2024-03-13,3,73,4.256034529642325,4.886487017684143,3.783865210006424,3.817276712605035,14.415660282489041,4.0382969164863765,11.974820000000001,4.9621941036031325
2024-03-14,3,74,4.1272515947649975,4.748988848403231,3.783865210006424,3.817276712605035,13.891084269172149,3.8913460550254158,11.212155000000001,4.646156637818721
2024-03-15,3,75,4.713954986999952,5.424320807933426,3.783865210006424,3.817276712605035,14.575862117283284,4.08317467878013,11.787474999999999,4.884561015645272
2024-03-16,3,76,4.559270598862211,5.247392833935056,3.783865210006424,3.817276712605035,14.173312386495244,3.9704073615211057,11.108599,4.603244512827053
2024-03-17,3,77,3.6784806307635,4.096931030692626,3.783865210006424,3.817276712605035,13.168269401228951,3.688862020634621,9.254760000000001,3.8350401511055803
2024-03-18,3,78,4.821048661314265,5.032606722581785,3.783865210006424,3.817276712605035,11.383534629970645,3.1888995643693847,9.54856,3.956786668183799
2024-03-19,3,79,4.853548874443075,4.946862524331206,3.783865210006424,3.817276712605035,10.455582914075828,2.9289500039945295,10.148,4.2051860289644925
2024-03-20,3,80,2.3826311078412172,2.9497450379901506,3.783865210006424,3.817276712605035,11.342658638704695,3.177448865181632,7.236264000000001,2.9986042840656997
2024-03-21,3,81,4.158066887150357,4.896106098751922,3.783865210006424,3.817276712605035,12.444593101605289,3.4861366711163324,10.014368000000001,4.14981083982155
2024-03-22,3,82,0.7978542147057478,0.5733682412675366,3.783865210006424,3.817276712605035,7.90296735460852,2.21387907829482,3.069528,1.2719684924236618
2024-03-23,3,83,0.6734033105582392,0.08649426052226956,3.783865210006424,3.817276712605035,5.8887102068192325,1.649619913641166,2.4123327000000003,0.9996361615347057
2024-03-24,3,84,0.4761555084099527,0.537207423480792,3.783865210006424,3.817276712605035,7.002855115771903,1.9617282640167557,2.5664000000000002,1.0634794466628374
2024-03-25,3,85,3.9999581226507313,4.843063006629963,3.783865210006424,3.817276712605035,11.284040419464688,3.16102798890069,9.905733999999999,4.10479446427262
2024-03-26,3,86,1.8116987707760581,1.748188402410152,3.783865210006424,3.817276712605035,8.987878844329632,2.517798193877984,4.439115,1.8395057527558842
2024-03-27,3,87,1.1763017722101512,1.0019487077759486,3.783865210006424,3.817276712605035,6.8958664673545345,1.9317572518996262,3.1412699999999996,1.3016973509268122
2024-03-28,3,88,0.48963840220836613,0.5857026893435455,3.783865210006424,3.817276712605035,6.494222198160504,1.8192435839838457,3.469788,1.437830510550714
2024-03-29,3,89,2.0200459335528715,2.452418191553448,3.783865210006424,3.817276712605035,8.729501358376469,2.4454182276213148,5.063968,2.0984358971938573
2024-03-30,3,90,3.810629638178964,4.5046001760216345,3.783865210006424,3.817276712605035,10.787633939172085,3.0219683329843714,9.157342,3.7946715255074657
2024-03-31,3,91,3.7686218938766247,4.169899366991691,3.783865210006424,3.817276712605035,12.457717910336996,3.489813358385046,9.484326000000001,3.9301690174758273
2024-04-01,4,92,3.7843690024063745,4.270607069886899,3.680639056313253,3.508058302599828,11.998400201600955,3.361143477815685,9.181420000000001,3.8046491042624333
2024-04-02,4,93,2.9390478854342366,3.2965627405208777,3.680639056313253,3.508058302599828,10.911511560656777,3.0566704976483767,7.225709999999999,2.99423085744472
2024-04-03,4,94,3.528026622719945,3.938421161847394,3.680639056313253,3.508058302599828,12.316096621497673,3.450140613410376,8.958932999999998,3.7124536742243732
2024-04-04,4,95,4.2157105593283255,4.718591515849016,3.680639056313253,3.508058302599828,12.534604606251133,3.511351831194789,9.882774,4.095280168724234
2024-04-05,4,96,3.8535988298598336,3.960914068919346,3.680639056313253,3.508058302599828,11.503561830273874,3.2225231003976167,9.02661,3.7404980548789095
2024-04-06,4,97,3.5338512582340846,3.652644081492344,3.680639056313253,3.508058302599828,10.404741936371884,2.914707786886904,8.818257000000001,3.6541595522485557
2024-04-07,4,98,3.5754535542273405,4.137145043018811,3.680639056313253,3.508058302599828,11.907289559513536,3.335620413468251,9.08004,3.7626386825422498
2024-04-08,4,99,4.747510819817978,6.10320677703158,3.680639056313253,3.508058302599828,8.067114463962447,2.2598620407512344,2.7539485000000004,1.1411968621095507
2024-04-09,4,100,2.868524673327964,3.3630990949180735,3.680639056313253,3.508058302599828,9.370801343723997,2.625067283066767,7.192403999999998,2.980429327499835
2024-04-10,4,101,3.4740136528369887,4.111900217997318,3.680639056313253,3.508058302599828,10.958595554177318,3.0698602608728076,8.903856000000001,3.6896305533220017
2024-04-11,4,102,2.7237830495065687,2.8795702122964495,3.680639056313253,3.508058302599828,9.413133054006993,2.6369257766602288,6.3427039999999995,2.6283258027845093
2024-04-12,4,103,3.0612864338365218,3.158663210110927,3.680639056313253,3.508058302599828,9.634010755722691,2.6988008295041555,7.043665000000001,2.918794013668327
2024-04-13,4,104,3.750549190563192,4.05119545427064,3.680639056313253,3.508058302599828,10.786941901605095,3.021774470676429,8.469777,3.509754425388726
2024-04-14,4,105,1.5449111567864835,1.5683289723751472,3.680639056313253,3.508058302599828,8.600493875703934,2.4092790214197786,3.9631680000000005,1.6422801245604208
2024-04-15,4,106,2.4604567166733617,2.919869961618268,3.680639056313253,3.508058302599828,9.02962091068136,2.529491508962601,6.187104,2.5638473887022393
2024-04-16,4,107,3.2615382233015455,3.785070453247798,3.680639056313253,3.508058302599828,9.819994922502747,2.7509010644226706,7.693630000000001,3.1881302116695003
2024-04-17,4,108,1.2719165357421336,1.5145302257178084,3.680639056313253,3.508058302599828,7.6551932306434,2.144469459783701,4.323760000000001,1.7917042909534409
2024-04-18,4,109,2.1444122519890274,1.9966694601203674,3.680639056313253,3.508058302599828,7.326543635218144,2.0524039822542073,4.489217999999999,1.8602677192132357
2024-04-19,4,110,2.9652768842897084,2.9876083952021473,3.680639056313253,3.508058302599828,9.579977916448474,2.6836644678006873,7.652736,3.171184323073868
2024-04-20,4,111,3.1046718644120337,3.584019970561252,3.680639056313253,3.508058302599828,10.98344330114138,3.0768209257317385,8.357451,3.463208137855274
2024-04-21,4,112,2.9714556481168373,3.5433717715363495,3.680639056313253,3.508058302599828,10.139861336178672,2.8405060860951163,8.0912,3.3528775322780353
2024-04-22,4,113,3.052380674637409,3.4046137154469647,3.680639056313253,3.508058302599828,10.950278472195237,3.067530374772259,7.944412,3.2920506849367226
2024-04-23,4,114,3.269467805117972,3.579421263408936,3.680639056313253,3.508058302599828,10.834244143285645,3.035025372333254,8.066658,3.342707678560766
2024-04-24,4,115,2.8896323215593473,3.169017201776788,3.680639056313253,3.508058302599828,10.697945035057586,2.996843543843177,7.4560200000000005,3.0896680267717618
2024-04-25,4,116,3.4193687351823296,3.5963062166116555,3.680639056313253,3.508058302599828,10.34017566733516,2.896620667736576,7.950225,3.294459508979526
2024-04-26,4,117,3.2751070611027093,3.741820684528888,3.680639056313253,3.508058302599828,10.260281866795232,2.874239806780891,8.120427,3.3649887829745806
2024-04-27,4,118,3.467129218903045,3.8874245884022374,3.680639056313253,3.508058302599828,10.530455067160812,2.949924137610946,8.312880000000002,3.4447385530605397
2024-04-28,4,119,3.3467466841316313,3.541768091295077,3.680639056313253,3.508058302599828,10.48422915001665,2.9369747495838308,7.74865,3.2109297125872795
2024-04-29,4,120,3.278371208604431,3.576139265413435,3.680639056313253,3.508058302599828,10.199716200673702,2.8572733870713054,7.871500000000001,3.2618369951708717
2024-04-30,4,121,3.434978283787923,3.910559493875532,3.680639056313253,3.508058302599828,13.062199039083222,3.6591482504714876,9.71553,4.025976647613854
2024-05-01,5,122,3.5371110700540345,3.5307391469864697,2.7615459473515,2.505771452434183,10.720581608099362,3.0031847867223163,8.012187,3.320135675389331
2024-05-02,5,123,3.715502655925159,3.601002589305151,2.7615459473515,2.505771452434183,10.801388938710685,3.0258215572650844,8.076168,3.3466484865165653
2024-05-03,5,124,3.154207761045202,3.1298909047933483,2.7615459473515,2.505771452434183,10.609657757589277,2.97211139606925,7.327845,3.036554140364339
2024-05-04,5,125,3.5328142504176623,3.413720923065117,2.7615459473515,2.505771452434183,10.713608054232674,3.001231266694447,7.875000000000001,3.263287345102028
2024-05-05,5,126,3.1812724391861575,3.0337414466261996,2.7615459473515,2.505771452434183,10.751367626341816,3.011808955168517,7.6019440000000005,3.1501368448729257
2024-05-06,5,127,3.8259170944920085,4.0653275325791,2.7615459473515,2.505771452434183,10.207085931342085,2.8593378891510066,7.569323999999999,3.136619583514547
2024-05-07,5,128,3.712259177896423,4.008835511293921,2.7615459473515,2.505771452434183,10.289325279729692,2.8823758146084297,7.26825,3.0118588248936904
2024-05-08,5,129,3.8237214366288064,3.924119708887709,2.7615459473515,2.505771452434183,9.732810700087489,2.726477918368551,7.81062,3.236609194082641
2024-05-09,5,130,3.6018192802242384,3.763549528387559,2.7615459473515,2.505771452434183,9.650927089324231,2.703539646629607,6.224428,2.579313920368092
2024-05-10,5,131,3.302414621286576,3.6407321551552982,2.7615459473515,2.505771452434183,9.067734923150311,2.5401684877490154,7.242400000000001,3.0011469546878637
2024-05-11,5,132,3.496843438965143,3.530906583788046,2.7615459473515,2.505771452434183,9.774550280514061,2.7381705370644016,6.951675000000001,2.8806746736205895
2024-05-12,5,133,3.5898895948231773,3.4050168249013986,2.7615459473515,2.505771452434183,10.020582954759854,2.8070923186749583,7.142289000000001,2.9596623884141486
2024-05-13,5,134,3.715654056624176,3.295340543850666,2.7615459473515,2.505771452434183,9.755911271647264,2.7329491423756975,7.480935,3.0999924463531223
2024-05-14,5,135,3.105640455163834,3.148825896788288,2.7615459473515,2.505771452434183,7.83231823215662,2.194087953382107,4.424112,1.8332887241795583
2024-05-15,5,136,2.0572437632139637,2.1084938127532933,2.7615459473515,2.505771452434183,7.926098381478393,2.2203588338282687,5.273856,2.1854104818654476
2024-05-16,5,137,2.525801042148273,2.557853973331089,2.7615459473515,2.505771452434183,9.561653660623803,2.6785312457114037,6.321,2.619331975668561
2024-05-17,5,138,3.2897874298615566,2.7300801594784705,2.7615459473515,2.505771452434183,9.893333079936967,2.771445475793626,7.049517000000001,2.9212189987532207
2024-05-18,5,139,2.891709007374219,2.6641586653291958,2.7615459473515,2.505771452434183,9.78289318825778,2.7405076578036383,6.823345,2.827496557430501
2024-05-19,5,140,2.444796996009204,2.528670302054015,2.7615459473515,2.505771452434183,8.550633315875473,2.3953114513561204,6.282454,2.603359064683888
2024-05-20,5,141,2.5547676358466114,2.5474172855024975,2.7615459473515,2.505771452434183,8.287299386480296,2.3215430235322114,6.490323000000001,2.6894970046380484
2024-05-21,5,142,2.3586915929126544,2.3507341054104716,2.7615459473515,2.505771452434183,8.500102675723664,2.381156169925064,6.3281279999999995,2.6222857168997846
2024-05-22,5,143,2.445784292916281,2.517224402780213,2.7615459473515,2.505771452434183,8.294586051393777,2.32358425618302,6.689462999999999,2.772017771863904
2024-05-23,5,144,2.87223741658729,2.4313242819503587,2.7615459473515,2.505771452434183,9.241012464717292,2.5887091822502777,6.81951,2.825907388291648
2024-05-24,5,145,1.0139367613494805,0.574523801840916,2.7615459473515,2.505771452434183,8.11090353305547,2.272128788109936,3.0486336,1.2633101519660745
2024-05-25,5,146,1.1948579035390083,1.211423208385859,2.7615459473515,2.505771452434183,6.508762167522023,1.8233167039303357,2.93148,1.2147633760532943
2024-05-26,5,147,0.3700399830395658,0.20545460943892194,2.7615459473515,2.505771452434183,4.1829782306757535,1.1717887186330742,1.4565442,0.603571080056096
2024-05-27,5,148,1.0006233942400025,1.198773420637242,2.7615459473515,2.505771452434183,6.306969495148471,1.7667879906666406,3.1558699999999997,1.3077473820682077
2024-05-28,5,149,1.261961606419316,1.276178834418261,2.7615459473515,2.505771452434183,5.957066229442868,1.6687686664540782,3.756565,1.5566667968956445
2024-05-29,5,150,1.706305154908112,1.7305062235384459,2.7615459473515,2.505771452434183,6.187074176496544,1.733201398993045,5.751323999999999,2.383266390702422
2024-05-30,5,151,1.7112314022021005,1.4492360999098146,2.7615459473515,2.505771452434183,6.513325350253579,1.8245950003380689,5.39399,2.2351922929024615
2024-05-31,5,152,1.894398023598961,1.6840250573627498,2.7615459473515,2.505771452434183,7.473991460406685,2.09370893021589,5.765598000000001,2.389181332107373
2024-06-01,6,153,1.9174958450854773,1.9273142090240811,2.1222164334776092,1.8796852534595228,8.037575714240127,2.25158727292354,5.828088000000001,2.4150762941639354
2024-06-02,6,154,2.172559384574761,2.044969986792739,2.1222164334776092,1.8796852534595228,8.230965896998358,2.3057621746212416,5.833296,2.4172344148614955
2024-06-03,6,155,1.6442906984068273,1.6468205271674594,2.1222164334776092,1.8796852534595228,7.486770159658514,2.0972886609236157,4.470273,1.8524171822287334
2024-06-04,6,156,1.9646562737056894,1.8610522482113558,2.1222164334776092,1.8796852534595228,6.542007261741889,1.8326297398125329,5.51001,2.2832693211918254
2024-06-05,6,157,1.9447858028106857,2.06637903127316,2.1222164334776092,1.8796852534595228,7.638828181868269,2.1398850755299295,5.8093200000000005,2.4072991034473796
2024-06-06,6,158,2.1387012280625814,2.0904141550184523,2.1222164334776092,1.8796852534595228,8.318455874039635,2.330270972524757,5.923665,2.454682035698261
2024-06-07,6,159,1.9307969036623989,1.8678152894680706,2.1222164334776092,1.8796852534595228,8.212095098727824,2.3004758481558416,5.515562,2.285569990568334
2024-06-08,6,160,2.040745025063514,2.0607604869160854,2.1222164334776092,1.8796852534595228,8.296979368336737,2.3242547023673454,5.762597999999999,2.387938175023524
2024-06-09,6,161,2.321531336411116,2.1577995420493563,2.1222164334776092,1.8796852534595228,8.555790891223094,2.396756256534288,6.087725000000002,2.5226661527569836
2024-06-10,6,162,2.4657792805611374,2.1690973897629267,2.1222164334776092,1.8796852534595228,8.780420405595216,2.4596823145479236,6.167205,2.555601527765073
2024-06-11,6,163,2.2725396469605665,1.9525767342799139,2.1222164334776092,1.8796852534595228,8.369979187266999,2.344704334081283,5.9343900000000005,2.459126322273019
2024-06-12,6,164,2.201888956114437,2.0557014620609837,2.1222164334776092,1.8796852534595228,8.562530251785464,2.398644171374454,6.061996,2.5120044232202043
2024-06-13,6,165,2.4899069523105783,1.9193854794808594,2.1222164334776092,1.8796852534595228,8.403977187654794,2.354228283553061,5.963841,2.4713303953651584
2024-06-14,6,166,2.5336801362811916,2.1232869879222367,2.1222164334776092,1.8796852534595228,8.335903497571822,2.33515862129903,6.132875000000001,2.541375666868902
2024-06-15,6,167,2.2922580599299507,2.2000602605662576,2.1222164334776092,1.8796852534595228,8.535134253763339,2.3909696582291073,5.88224,2.4375161082987877
2024-06-16,6,168,2.4554183998713257,2.1556918209232907,2.1222164334776092,1.8796852534595228,8.298373675259032,2.3246452932410624,6.015953,2.492924862682994
2024-06-17,6,169,2.6939687654207987,2.150167675151074,2.1222164334776092,1.8796852534595228,8.246424990730922,2.3100927713007238,6.186738,2.56369572353801
2024-06-18,6,170,2.4934960677889197,1.9486484631390233,2.1222164334776092,1.8796852534595228,8.226319933613274,2.304460688650815,5.911872,2.4497951852016526
2024-06-19,6,171,2.5925943449968343,1.9564938013503745,2.1222164334776092,1.8796852534595228,8.707840742676002,2.4393503822449465,5.892980999999999,2.441967025044659
2024-06-20,6,172,2.361338892793964,1.7521474622747886,2.1222164334776092,1.8796852534595228,8.606877892814804,2.4110673929621447,5.720286,2.3704046875129268
2024-06-21,6,173,2.1467407773409874,1.8058651853163594,2.1222164334776092,1.8796852534595228,8.220255299947409,2.3027617868348345,5.53724,2.2945530436562223
2024-06-22,6,174,2.5048357292936227,2.0294886365985207,2.1222164334776092,1.8796852534595228,8.665393366592193,2.4274594868857933,5.567958000000001,2.307282143423441
2024-06-23,6,175,1.718612528208101,1.6291172310284554,2.1222164334776092,1.8796852534595228,8.392737742619884,2.3510797481867947,4.87945,2.021974277594678
2024-06-24,6,176,2.787498494871078,2.237289573319718,2.1222164334776092,1.8796852534595228,8.794244344934361,2.463554851116698,6.007950000000001,2.4896085339689815
2024-06-25,6,177,2.1050739190576504,1.7930672223552269,2.1222164334776092,1.8796852534595228,6.9098830535314235,1.9356837551348998,4.9593,2.055062975309776
2024-06-26,6,178,1.9897274850333047,1.8978882137009974,2.1222164334776092,1.8796852534595228,8.843173093726596,2.4772613904984033,5.087744000000001,2.1082883314690504
2024-06-27,6,179,1.8017801143163736,1.8318269498540671,2.1222164334776092,1.8796852534595228,7.284466830029444,2.0406168958967736,5.0208,2.080547695528668
2024-06-28,6,180,1.5998280003224845,1.2258725211180135,2.1222164334776092,1.8796852534595228,7.892353819380677,2.210905880692787,4.037850000000001,1.6732272770057428
2024-06-29,6,181,2.655251392791707,2.1961066373053377,2.1222164334776092,1.8796852534595228,7.702155331637713,2.157625076933435,5.648832,2.3407951720898255
2024-06-30,6,182,0.9538966841937422,0.8109606934843331,2.1222164334776092,1.8796852534595228,5.936789738009115,1.6630885594572764,2.9999320000000003,1.2431289056211576
2024-07-01,7,183,0.017825520135145236,-0.12451316967636761,1.712638804488205,1.5377162770240527,3.979755774885209,1.1148594763716821,1.4020704,0.5809979166047159
2024-07-02,7,184,1.7009619354527419,1.8410158076776713,1.712638804488205,1.5377162770240527,7.795929536511887,2.1838942921458204,4.48947,1.8603721444082795
2024-07-03,7,185,2.3255800596144636,2.1544541698976967,1.712638804488205,1.5377162770240527,8.479449453177708,2.3753705282486886,5.559848,2.3039214754401036
2024-07-04,7,186,1.522537398750396,1.3127370226194812,1.712638804488205,1.5377162770240527,7.51131109932946,2.104163379046742,3.6610349999999996,1.5170805314889653
2024-07-05,7,187,1.11710909691379,0.9173214641115894,1.712638804488205,1.5377162770240527,7.1066100402112555,1.9907934045114077,2.9192408,1.2096916266597484
2024-07-06,7,188,2.1230163839101697,1.8329936474849984,1.712638804488205,1.5377162770240527,7.721032955623759,2.1629133155045146,5.569452,2.3079012356511974
2024-07-07,7,189,1.9967296576919817,1.8231798467083231,1.712638804488205,1.5377162770240527,8.742691534660391,2.4491132264747475,5.074178,2.1026667751358876
2024-07-08,7,190,1.3987157955388567,1.1977525800296571,1.712638804488205,1.5377162770240527,7.006764302630209,1.9628233548364975,3.7714939999999997,1.5628531609305685
2024-07-09,7,191,-0.05785217541839232,-0.08764247735817199,1.712638804488205,1.5377162770240527,2.554697277242652,0.7156540827877952,0.5250575,0.21757631685090892
2024-07-10,7,192,1.204311120510106,1.511754569163921,1.712638804488205,1.5377162770240527,5.669346254183555,1.588168911317465,3.527559,1.4617699865143827
2024-07-11,7,193,1.64963920894728,2.008648779907401,1.712638804488205,1.5377162770240527,7.90106767923274,2.213346917224012,4.80636,1.9916868271751849
2024-07-12,7,194,1.5590555143062048,1.4497431121623923,1.712638804488205,1.5377162770240527,6.347964559537221,1.778272046122175,3.926286,1.6269967513715886
2024-07-13,7,195,1.8402333057015414,1.6420139629177324,1.712638804488205,1.5377162770240527,6.307749860403991,1.7670065964428137,4.585131,1.900012694340953
2024-07-14,7,196,2.360806049768221,2.286992696953321,1.712638804488205,1.5377162770240527,8.355819657410922,2.340737787656341,5.688676,2.357305955706111
2024-07-15,7,197,1.8900477045861073,2.0221867865031364,1.712638804488205,1.5377162770240527,6.961923942167537,1.9502621064550756,5.544396,2.2975183876868956
2024-07-16,7,198,1.793037531138719,2.1123170459748146,1.712638804488205,1.5377162770240527,7.9074787805490665,2.21514287593625,5.690600000000001,2.3581032337825527
2024-07-17,7,199,1.7301600220237048,2.1794698977286995,1.712638804488205,1.5377162770240527,7.732374436664519,2.1660904344860796,5.88946,2.440507973013916
2024-07-18,7,200,2.1352921235345446,2.136923407176963,1.712638804488205,1.5377162770240527,8.244186237918141,2.309465623573636,6.15726,2.551480462032116
2024-07-19,7,201,2.0359648061058393,2.0828080137371088,1.712638804488205,1.5377162770240527,7.800845418907783,2.185271391240287,6.16308,2.5538921867747817
2024-07-20,7,202,1.7783201308893453,2.092063552499674,1.712638804488205,1.5377162770240527,8.448102932987911,2.366589344914422,6.05521,2.5091924018965397
2024-07-21,7,203,2.1735342200371743,2.122073993098085,1.712638804488205,1.5377162770240527,8.729580279684823,2.4454403360554706,5.9864939999999995,2.4807174745052976
2024-07-22,7,204,2.0067336000216334,2.1052344807205023,1.712638804488205,1.5377162770240527,8.897017524595862,2.4923449728587235,6.221243000000001,2.57799410193074
2024-07-23,7,205,2.1158359987658306,2.196350449792577,1.712638804488205,1.5377162770240527,8.761815266572006,2.454470407907789,6.3395,2.6269981110189593
2024-07-24,7,206,2.7374551588174283,2.2415950913364813,1.712638804488205,1.5377162770240527,9.56871090700501,2.680508210743989,6.202389000000001,2.5701812740444474
2024-07-25,7,207,2.7966617855254783,2.3313513729301465,1.712638804488205,1.5377162770240527,9.32241543145901,2.6115128099124276,6.267016,2.5969617783304035
2024-07-26,7,208,2.3449897996356777,1.8188849118045327,1.712638804488205,1.5377162770240527,8.997416776605352,2.520470079989609,5.368806,2.2247564035692493
2024-07-27,7,209,2.4214753667885054,1.7904345273432738,1.712638804488205,1.5377162770240527,9.13971765165604,2.560333199241146,5.195565000000001,2.1529678114482564
2024-07-28,7,210,3.136471392926736,2.535367419369506,1.712638804488205,1.5377162770240527,10.37459608421658,2.9062629498542574,6.494004,2.69102235837993
2024-07-29,7,211,3.5242514974125334,2.542458077675153,1.712638804488205,1.5377162770240527,9.001746139551466,2.5216828758444674,6.243930000000001,2.587395270184496
2024-07-30,7,212,0.508110538498795,-0.06450019624371026,1.712638804488205,1.5377162770240527,4.300701337778622,1.2047668029592002,1.7685504000000003,0.7328619859676356
2024-07-31,7,213,2.441899248125693,2.5410066947439955,1.712638804488205,1.5377162770240527,9.365621453025208,2.6236162266304506,6.515939999999999,2.700112322977029
2024-08-01,8,214,2.7931180917029863,2.475917866906338,2.0590461578146675,1.9330818345695135,9.390761436297568,2.630658756416798,6.544227,2.711834051120636
2024-08-02,8,215,3.082416830949459,2.4766367175094826,2.0590461578146675,1.9330818345695135,10.249480098185211,2.871213878865301,6.56868,2.721967024511084
2024-08-03,8,216,3.855136290864819,3.003352072402601,2.0590461578146675,1.9330818345695135,10.194457153316506,2.855800156271602,7.3183500000000015,3.0326195481939595
2024-08-04,8,217,3.2574405380816644,2.65212877525685,2.0590461578146675,1.9330818345695135,10.235235171002799,2.867223409862214,6.827832000000001,2.829355906042244
2024-08-05,8,218,3.427600541450646,2.8707612134472007,2.0590461578146675,1.9330818345695135,10.217596053152946,2.862282117279929,7.288860000000001,3.020399314059729
2024-08-06,8,219,3.127871384314523,2.6683288415142705,2.0590461578146675,1.9330818345695135,11.014085251029464,3.0854047359300467,6.803694,2.8193534641455993
2024-08-07,8,220,4.30622296117779,2.9477621287845306,2.0590461578146675,1.9330818345695135,10.32489369459943,2.8923396884288506,7.584720000000001,3.142999465668858
2024-08-08,8,221,3.9823368280578935,2.7887659313316586,2.0590461578146675,1.9330818345695135,11.27119667316545,3.1574300363921015,7.089576000000001,2.9378188752938486
2024-08-09,8,222,0.21785973115069054,-0.3747934525081509,2.0590461578146675,1.9330818345695135,7.335221623319495,2.0548349699373425,0.48574979999999995,0.20128776828264644
2024-08-10,8,223,1.1523766762153234,1.2726023148091452,2.0590461578146675,1.9330818345695135,5.899846134298453,1.6527394503616712,3.3599500000000004,1.3923152146254678
2024-08-11,8,224,2.01901025845813,2.2370222518212537,2.0590461578146675,1.9330818345695135,8.284720345331845,2.320820549936608,5.992284,2.483116767677125
2024-08-12,8,225,2.760685291324906,2.3196805770586444,2.0590461578146675,1.9330818345695135,7.898703827551963,2.212684725221256,6.313049000000001,2.6160371950106684
2024-08-13,8,226,2.7020231254212814,2.139756492158039,2.0590461578146675,1.9330818345695135,7.382237875169528,2.0680057565090384,6.253279999999999,2.591269776429156
2024-08-14,8,227,2.3895215270223025,2.358432257175182,2.0590461578146675,1.9330818345695135,10.21728931992844,2.86219619129316,6.3136600000000005,2.6162903846700787
2024-08-15,8,228,3.465391728416839,2.9989641497114876,2.0590461578146675,1.9330818345695135,11.661270641489827,3.26670248542445,7.294708000000001,3.0228226416018447
2024-08-16,8,229,3.5777135062637853,3.0529135020861027,2.0590461578146675,1.9330818345695135,11.87492899133331,3.3265551621972635,7.692500000000001,3.1876619558345842
2024-08-17,8,230,3.5730247123188446,2.8124481827004977,2.0590461578146675,1.9330818345695135,12.16328348410689,3.4073326663978194,7.567468999999998,3.1358508980510336
2024-08-18,8,231,3.6650843904129067,3.0466373670869946,2.0590461578146675,1.9330818345695135,12.502177018984574,3.5022678056904764,7.915362000000001,3.2800127805081245
2024-08-19,8,232,3.8957266435098297,3.086003461012066,2.0590461578146675,1.9330818345695135,12.647577054179575,3.542999100843028,7.999806000000001,3.315005166104289
2024-08-20,8,233,3.893740795536963,2.975344852971826,2.0590461578146675,1.9330818345695135,12.619399369692246,3.5351056118075572,8.107007999999999,3.3594281413385265
2024-08-21,8,234,3.3976994701680803,2.8673112434937025,2.0590461578146675,1.9330818345695135,11.84578765764928,3.318391723572016,7.61805,3.1568109408704133
2024-08-22,8,235,4.4988325388053925,3.261115382672899,2.0590461578146675,1.9330818345695135,13.018427142655234,3.6468863137367116,8.478891,3.513531136609458
2024-08-23,8,236,4.822374614828043,2.6627373026030097,2.0590461578146675,1.9330818345695135,13.260464747987148,3.7146889461609027,7.713828000000001,3.1964999739293574
2024-08-24,8,237,1.9131177217182174,1.7205005734545005,2.0590461578146675,1.9330818345695135,8.77391880368979,2.45786100366709,4.7502,1.9684149265655433
2024-08-25,8,238,0.11751895131128091,-0.014190605386330876,2.0590461578146675,1.9330818345695135,4.70679522511759,1.3185269541356934,0.7535244,0.31224973190420297
2024-08-26,8,239,3.2595097180607118,3.1672940225711983,2.0590461578146675,1.9330818345695135,7.576134918061148,2.122322646272055,7.550072,3.1286418301217975
2024-08-27,8,240,3.251677371498013,2.8430827301030615,2.0590461578146675,1.9330818345695135,10.55151059637102,2.955822478513711,7.700207000000001,3.190855626382991
2024-08-28,8,241,3.1589030144337986,3.0558700014537723,2.0590461578146675,1.9330818345695135,11.146595247771636,3.1225251106309924,7.584785999999999,3.143026815124702
2024-08-29,8,242,3.388889660442115,3.3697839677834196,2.0590461578146675,1.9330818345695135,12.397768871532335,3.473019676111244,7.881050000000001,3.265794378554456
2024-08-30,8,243,3.759993704622489,3.4846095402423263,2.0590461578146675,1.9330818345695135,12.520704269727043,3.5074578932812033,8.796047999999999,3.644956460356825
2024-08-31,8,244,3.9940069330397576,3.45872794733396,2.0590461578146675,1.9330818345695135,13.107981217900823,3.6719733329114317,8.941779,3.705345302018929
2024-09-01,9,245,4.499280667529823,3.5331432893781898,3.7739999040900774,3.7476748446488717,14.386794183070858,4.030210579961574,8.904539999999999,3.6899139931371185
2024-09-02,9,246,3.7268737319367484,2.6631876201703846,3.7739999040900774,3.7476748446488717,13.357922714678292,3.7419901032819505,7.286965,3.0196140531684317
2024-09-03,9,247,4.065671955143222,3.138412747875354,3.7739999040900774,3.7476748446488717,13.774337931739877,3.858641595762006,8.366,3.4667507211585478
2024-09-04,9,248,4.3051271423865165,3.0661237783004403,3.7739999040900774,3.7476748446488717,14.856519918612129,4.161796088516795,8.674017000000001,3.594388559657125
2024-09-05,9,249,4.344247935359085,2.5744898565823835,3.7739999040900774,3.7476748446488717,12.505390863081525,3.5031681083094655,7.695075,3.1887289989982204
2024-09-06,9,250,2.6607235152933213,2.2217643605938435,3.7739999040900774,3.7476748446488717,10.902144528439981,3.054046486220772,6.828536000000001,2.8296476335712537
2024-09-07,9,251,3.412005347848979,2.9334496015957154,3.7739999040900774,3.7476748446488717,14.865581588375662,4.164334557955391,7.904097,3.2753447256582735
2024-09-08,9,252,3.7856250560785605,2.970765655202277,3.7739999040900774,3.7476748446488717,14.745392135203959,4.130665569603394,7.929610000000001,3.285916947885015
2024-09-09,9,253,4.490357440611368,2.813362950520013,3.7739999040900774,3.7476748446488717,14.469031876874435,4.053248041916012,8.446356,3.5000490980351215
2024-09-10,9,254,4.109501455133906,3.046525513701909,3.7739999040900774,3.7476748446488717,14.808627165444204,4.148379765320346,8.659458,3.5883555183292084
2024-09-11,9,255,4.6553132151835594,3.4717002187113075,3.7739999040900774,3.7476748446488717,15.264456372172518,4.276072402626138,9.54753,3.9563598509183446
2024-09-12,9,256,5.357043690507642,3.583350478542796,3.7739999040900774,3.7476748446488717,15.263340088480808,4.27575969513291,10.164620000000001,4.212073119209013
2024-09-13,9,257,4.983812198058324,2.7160469000761176,3.7739999040900774,3.7476748446488717,15.149990702390953,4.244006832803857,8.4364,3.4959234740595235
2024-09-14,9,258,4.588830141149993,2.0014201410825057,3.7739999040900774,3.7476748446488717,13.171352891603155,3.689725806921628,7.203393000000001,2.9849830118979725
2024-09-15,9,259,3.913845719639744,2.6606262346549947,3.7739999040900774,3.7476748446488717,11.42362545170353,3.20013031194603,7.241747999999999,3.0008767752149734
2024-09-16,9,260,1.9347561127628796,2.451088867894432,3.7739999040900774,3.7476748446488717,4.995328534267891,1.399354550639243,1.4018418000000001,0.5809031880349268
2024-09-17,9,261,3.9295971768801126,3.6770459303528673,3.7739999040900774,3.7476748446488717,10.216910497851437,2.862090070866105,8.898708000000001,3.687497295766118
2024-09-18,9,262,2.609600106413687,2.2999850693037085,3.7739999040900774,3.7476748446488717,11.064202312241411,3.099444160402432,6.702135,2.7772688673860797
2024-09-19,9,263,3.3830084712112276,3.279920417574745,3.7739999040900774,3.7476748446488717,14.22295138144129,3.984312864030179,8.347395,3.459041075310215
2024-09-20,9,264,4.708237133678541,3.7504470292155636,3.7739999040900774,3.7476748446488717,15.795730821614876,4.424899714656873,9.425556,3.9058155702032367
2024-09-21,9,265,2.588502834138056,2.597663909400828,3.7739999040900774,3.7476748446488717,11.55796367848892,3.2377628335484343,6.064830000000001,2.513178792278747
2024-09-22,9,266,4.329756215847584,4.072206031656977,3.7739999040900774,3.7476748446488717,15.20824453170804,4.260325631575112,10.080216,4.177097309040633
2024-09-23,9,267,4.965973760859146,4.008887029184088,3.7739999040900774,3.7476748446488717,15.857877425438307,4.44230900661245,10.78668,4.469845884401923
2024-09-24,9,268,5.02956404180787,4.054208761324785,3.7739999040900774,3.7476748446488717,17.048724592161445,4.775904162654394,10.523325,4.3607153397962914
2024-09-25,9,269,5.340111835511306,4.299527104216631,3.7739999040900774,3.7476748446488717,17.56521261443117,4.920589313862317,11.095175,4.597681799262525
2024-09-26,9,270,6.2842401978250875,4.100579341753241,3.7739999040900774,3.7476748446488717,17.74859186174757,4.971959825824572,11.179839999999999,4.6327657640972
2024-09-27,9,271,3.215556138502283,1.7240855926491487,3.7739999040900774,3.7476748446488717,12.612140926258805,3.5330722849143474,5.540331999999999,2.2958343242239754
2024-09-28,9,272,4.5807660813124125,3.7525293964153685,3.7739999040900774,3.7476748446488717,12.917908730731915,3.6187278260250437,10.371704000000003,4.2978857663929
2024-09-29,9,273,3.9943134169066243,3.687021299885531,3.7739999040900774,3.7476748446488717,15.589190710623365,4.367041088898264,10.36479,4.295020703700323
2024-09-30,9,274,4.534116230155564,3.9648438322118467,3.7739999040900774,3.7476748446488717,16.19613514860911,4.5370660342955755,10.6689,4.421039537290035
2024-10-01,10,275,5.028654741332288,3.94387449474165,3.4516872725562506,3.6194116895688264,17.310855421613134,4.849335562919606,11.012127999999999,4.56326831048174
2024-10-02,10,276,6.868778384732247,3.5829993403278513,3.4516872725562506,3.6194116895688264,16.890997173465347,4.731719565065095,10.744017000000001,4.452166947512515
2024-10-03,10,277,4.27712449382645,3.0627635581312336,3.4516872725562506,3.6194116895688264,12.562623772496282,3.519200914097204,8.540154999999999,3.5389180618044196
2024-10-04,10,278,3.2966488008884385,2.9536448327102662,3.4516872725562506,3.6194116895688264,10.442637342552626,2.925323526917527,7.8257699999999994,3.2428871373560755
2024-10-05,10,279,4.226623916236777,3.799482845690848,3.4516872725562506,3.6194116895688264,13.63603212924345,3.819897626716624,10.969655,4.545668106874309
2024-10-06,10,280,4.038063504496852,3.6511587738964035,3.4516872725562506,3.6194116895688264,16.091363849484093,4.507716174080933,10.992675,4.5552072655643725
2024-10-07,10,281,4.0861210580864835,3.2183916544922986,3.4516872725562506,3.6194116895688264,16.346376055081212,4.579153415480148,10.151232,4.206525323529492
2024-10-08,10,282,4.284514258510826,3.343108908864247,3.4516872725562506,3.6194116895688264,17.898662935105392,5.013999631211139,10.179260000000001,4.218139725778193
2024-10-09,10,283,2.8294741435778934,1.8223056754901787,3.4516872725562506,3.6194116895688264,13.212509210187696,3.7012550349401163,6.088409,2.522949592572101
2024-10-10,10,284,1.6059962609818061,1.5190542078511156,3.4516872725562506,3.6194116895688264,12.11509283370066,3.393832892462709,4.919501999999999,2.0385712534354425
2024-10-11,10,285,2.2024747311341097,2.0500583845232154,3.4516872725562506,3.6194116895688264,12.516604434005009,3.5063093954926905,5.157905,2.1373620461890126
2024-10-12,10,286,4.357501027076534,4.329335494602662,3.4516872725562506,3.6194116895688264,12.529590101621555,3.5099471047940196,9.953922,4.1247628821247835
2024-10-13,10,287,4.993042893112698,4.4223760807133825,3.4516872725562506,3.6194116895688264,14.564316785442404,4.07994045453655,11.284,4.675928178048417
2024-10-14,10,288,4.715671575564442,4.41433644960026,3.4516872725562506,3.6194116895688264,14.448522308558157,4.047502642477687,11.155872,4.6228337677686415
2024-10-15,10,289,4.5884021857357284,4.540694020300947,3.4516872725562506,3.6194116895688264,16.24017071270235,4.549401832948481,11.701194,4.848807403528098
2024-10-16,10,290,4.179805511552146,3.8542061775933365,3.4516872725562506,3.6194116895688264,15.663225324285863,4.387780600388396,9.87104,4.0904177669836095
2024-10-17,10,291,5.033744434516561,4.298812619493425,3.4516872725562506,3.6194116895688264,15.591076930327556,4.36756948059632,11.611803,4.811765051900668
2024-10-18,10,292,3.824574289095312,3.2423341922794857,3.4516872725562506,3.6194116895688264,14.82045265722985,4.151692471507792,8.925614000000001,3.6986467572654598
2024-10-19,10,293,2.2740836484972604,1.703955603109759,3.4516872725562506,3.6194116895688264,10.084650472760247,2.8250397213827063,4.672795000000001,1.9363394018737818
2024-10-20,10,294,1.3927878168475742,0.953623146175906,3.4516872725562506,3.6194116895688264,9.794672705825368,2.7438074851121845,2.8275148,1.1716816844353892
2024-10-21,10,295,3.03389769829005,2.804176719457791,3.4516872725562506,3.6194116895688264,13.424368219273884,3.7606036576432933,6.788715,2.8131463808259443
2024-10-22,10,296,3.1755712686164554,2.940279825622321,3.4516872725562506,3.6194116895688264,14.080089993824021,3.944292726915782,7.494816000000001,3.105744534180089
2024-10-23,10,297,0.9915484079887691,1.0357966586309444,3.4516872725562506,3.6194116895688264,12.051621542560888,3.3760525123571576,3.50819,1.453743749995363
2024-10-24,10,298,3.8625298324488546,4.360827286855248,3.4516872725562506,3.6194116895688264,14.629352217605977,4.0981590015903775,9.336789,3.8690317952492466
2024-10-25,10,299,2.2220871717878876,2.382458882434874,3.4516872725562506,3.6194116895688264,12.42430090238743,3.480452163856561,5.630479,2.333189951436536
2024-10-26,10,300,3.621407685660076,3.3091806579765826,3.4516872725562506,3.6194116895688264,13.917951369966804,3.8988724067961895,7.748216000000001,3.2107498691958165
2024-10-27,10,301,2.584043544097333,2.5089566405598935,3.4516872725562506,3.6194116895688264,9.235723321856637,2.587227520717855,5.831759999999999,2.4165979184345647
2024-10-28,10,302,2.6913443785588362,2.842634269257354,3.4516872725562506,3.6194116895688264,12.046555538298337,3.3746333592284445,6.08646,2.5221419548532937
2024-10-29,10,303,4.308452603955316,4.831076828699585,3.4516872725562506,3.6194116895688264,14.172412580178435,3.9701552964055717,11.02761,4.569683829805786
2024-10-30,10,304,4.953587961901056,5.026070487723292,3.4516872725562506,3.6194116895688264,14.844885364360765,4.158536870164164,11.698749999999999,4.847794644890456
2024-10-31,10,305,5.160837001346793,4.999078235944797,3.4516872725562506,3.6194116895688264,14.299185611394702,4.005668559830359,11.543940000000001,4.783643595506934
2024-11-01,11,306,3.243273321515855,3.041180069613853,3.2870926577362676,3.5956159514014145,14.56828938591567,4.081053309579417,8.150709,3.377537210578947
2024-11-02,11,307,1.6969707653749613,1.9175161811575347,3.2870926577362676,3.5956159514014145,11.598979692416625,3.2492527576535424,5.082168,2.105977716835871
2024-11-03,11,308,1.250622438959586,1.7417183825654816,3.2870926577362676,3.5956159514014145,9.285268686860336,2.601106794424358,4.41278,1.8285929054881682
2024-11-04,11,309,0.6330506587912516,0.769565050047985,3.2870926577362676,3.5956159514014145,8.132145193679564,2.2780792704963395,2.5569648000000007,1.0595696347569956
2024-11-05,11,310,3.416356176696465,4.12104965639143,3.2870926577362676,3.5956159514014145,12.969343091917798,3.6331362692117013,8.081555,3.3488807822534623
2024-11-06,11,311,2.578284374636836,2.944912781195911,3.2870926577362676,3.5956159514014145,12.028649651370884,3.3696173359212134,6.587466,2.7297516741701426
2024-11-07,11,312,0.7863765681028884,1.00403849010619,3.2870926577362676,3.5956159514014145,8.146634663837592,2.282138243967833,3.7716000000000003,1.562897085814198
2024-11-08,11,313,0.24501273354382613,0.3539815420954059,3.2870926577362676,3.5956159514014145,9.012600403349548,2.524723509375473,2.4099831,0.9986625209066354
2024-11-09,11,314,3.0190735489013476,3.3918236244049815,3.2870926577362676,3.5956159514014145,11.618929644962673,3.2548413904509323,7.2070799999999995,2.9865108519540216
2024-11-10,11,315,5.069664884427145,5.861428874717771,3.2870926577362676,3.5956159514014145,13.831978843682801,3.874788696373507,12.882532,5.338336971234528
2024-11-11,11,316,5.489910327809164,6.196035849578992,3.2870926577362676,3.5956159514014145,16.434670472652787,4.603887563430025,13.286508,5.505738846602775
2024-11-12,11,317,5.3675647952340775,5.496135494356295,3.2870926577362676,3.5956159514014145,17.48380521625265,4.897784444810094,12.870319,5.333276078746183
2024-11-13,11,318,1.6654970833946712,1.7806741867685663,3.2870926577362676,3.5956159514014145,10.81614534536588,3.0299553083612087,4.631319,1.919152340803883
2024-11-14,11,319,4.194902758359601,4.654435991494601,3.2870926577362676,3.5956159514014145,14.236313497685607,3.9880560288779736,10.714830000000001,4.4400722722437544
2024-11-15,11,320,3.9542238326501753,4.6695677973099725,3.2870926577362676,3.5956159514014145,14.731132777352315,4.126671058098894,10.54967,4.371632330920954
2024-11-16,11,321,1.6583519411575651,2.116714918532574,3.2870926577362676,3.5956159514014145,12.113055717589663,3.393262229756433,5.867369999999999,2.4313541930198452
2024-11-17,11,322,4.026859127892267,4.8231418860442705,3.2870926577362676,3.5956159514014145,13.825031131184787,3.8728424153563656,10.678176000000002,4.424883378993295
2024-11-18,11,323,5.3202920740736275,6.115144841867734,3.2870926577362676,3.5956159514014145,15.97427509313491,4.474915792103668,13.81955,5.7266238260323465
2024-11-19,11,324,5.525328523295485,5.988165768345896,3.2870926577362676,3.5956159514014145,16.266714270691566,4.5568375498202665,14.031318,5.814377455809815
2024-11-20,11,325,5.1569897570292165,5.824673425074086,3.2870926577362676,3.5956159514014145,16.691568237030943,4.6758530113811485,12.484955,5.173586749926131
2024-11-21,11,326,4.974904533102433,5.457231333840714,3.2870926577362676,3.5956159514014145,12.078267429007418,3.383516894769442,11.779468,4.881243029388481
2024-11-22,11,327,0.7335554495155716,0.47244041037704687,3.2870926577362676,3.5956159514014145,8.734900357184863,2.446930663389972,3.538892,1.4664662195914673
2024-11-23,11,328,3.893132337191116,4.237079294276053,3.2870926577362676,3.5956159514014145,13.6047936053429,3.811146696667557,9.945597999999999,4.1213135356027975
2024-11-24,11,329,5.376751412282764,5.7813381463703895,3.2870926577362676,3.5956159514014145,13.598288897688823,3.8093245157651663,13.145004000000002,5.447101613271815
2024-11-25,11,330,4.842071984142441,5.338126175463746,3.2870926577362676,3.5956159514014145,16.656945698095562,4.666154108279671,11.974314,4.961984424441656
2024-11-26,11,331,5.7955742849830365,6.453868054969588,3.2870926577362676,3.5956159514014145,16.7342770444844,4.687817142199049,13.932414999999999,5.773393467455196
2024-11-27,11,332,5.199267487294816,5.341517369951909,3.2870926577362676,3.5956159514014145,17.100678487766693,4.790458144387508,11.74485,4.86689782541226
2024-11-28,11,333,4.536008600681259,4.574052640993276,3.2870926577362676,3.5956159514014145,16.114517701888154,4.514202323791444,10.24976,4.24735391724863
2024-11-29,11,334,2.369820763923588,2.749651392738542,3.2870926577362676,3.5956159514014145,12.237327043820901,3.428074683968945,6.396480000000001,2.650609807898187
2024-11-30,11,335,3.9709127026620363,4.570802493148752,3.2870926577362676,3.5956159514014145,14.09369669759962,3.948104408713479,9.821565,4.069916034742476
2024-12-01,12,336,5.940422645486203,6.651927772189548,3.582014461767366,3.9915701450616896,17.200891971449234,4.818531211747256,14.109806000000003,5.846901760208847
2024-12-02,12,337,2.815196766416751,3.2119153674633742,3.582014461767366,3.9915701450616896,13.235774951975499,3.7077725285186505,7.170039999999999,2.97116200582544
2024-12-03,12,338,0.27391127887227035,0.3622657308594282,3.582014461767366,3.9915701450616896,8.257336926013648,2.3131495604967522,2.3965821,0.9931093382130847
2024-12-04,12,339,1.7939520125504822,1.841374263529697,3.582014461767366,3.9915701450616896,9.420181328605917,2.638900228403793,4.306292,1.7844658016398858
2024-12-05,12,340,3.8895688746205583,4.825660768637064,3.582014461767366,3.9915701450616896,14.278812722370137,3.9999614487223267,9.502616999999999,3.9377485462160497
2024-12-06,12,341,4.72399949858467,5.487137544707183,3.582014461767366,3.9915701450616896,15.901234463974985,4.4544547281125135,11.655996,4.830077998902839
2024-12-07,12,342,5.3091227231768485,5.777351011052024,3.582014461767366,3.9915701450616896,16.026609944700006,4.489576492034064,12.996307000000002,5.38548370363948
2024-12-08,12,343,2.2871335410301175,2.67039906306936,3.582014461767366,3.9915701450616896,12.048847954251302,3.3752755397524545,6.385935,2.6462401107484594
2024-12-09,12,344,3.48297859384633,4.286228123658035,3.582014461767366,3.9915701450616896,12.623494645244502,3.536252832143689,8.673884999999999,3.5943338607454347
2024-12-10,12,345,2.3438727538328092,2.859226055602591,3.582014461767366,3.9915701450616896,14.092025959434082,3.947636380426884,6.62831,2.746676843481044
2024-12-11,12,346,4.281456309675121,4.812659096332623,3.582014461767366,3.9915701450616896,14.109162722894519,3.95243694714979,10.819656,4.483510667067584
2024-12-12,12,347,5.25368405656153,5.837149421877932,3.582014461767366,3.9915701450616896,15.290455716363432,4.283355667451986,12.776298,5.294315121352679
2024-12-13,12,348,3.0094956574962803,3.3416790997984154,3.582014461767366,3.9915701450616896,15.033933017797272,4.211495287675499,7.994559000000001,3.312830884364638
2024-12-14,12,349,0.730074892463419,0.7447844881150667,3.582014461767366,3.9915701450616896,9.282232228037216,2.6002561832097375,3.929018,1.62812885308928
2024-12-15,12,350,4.115961332631924,4.638282593144703,3.582014461767366,3.9915701450616896,13.981889950600324,3.9167836899394604,9.927168,4.113676407251023
2024-12-16,12,351,5.818268987311852,6.222417773596561,3.582014461767366,3.9915701450616896,13.849499248371774,3.8796967335250914,13.434415,5.567029391536363
2024-12-17,12,352,5.758427410601277,5.821147083509441,3.582014461767366,3.9915701450616896,16.606956512498176,4.6521505059402894,13.622028,5.644773534860379
2024-12-18,12,353,5.374548392179351,5.833923550779946,3.582014461767366,3.9915701450616896,16.307785210687456,4.568342860509647,13.052574000000002,5.408799943518446
2024-12-19,12,354,4.404296533757602,4.769946852429268,3.582014461767366,3.9915701450616896,16.400303482394833,4.594260247853214,10.991999999999999,4.554927555220506
2024-12-20,12,355,3.469309831756551,3.733119880365722,3.582014461767366,3.9915701450616896,14.938758732481135,4.184833864238113,8.449749,3.5014551086969545
2024-12-21,12,356,2.117160622748724,2.657576512286962,3.582014461767366,3.9915701450616896,12.467760668715371,3.4926266627635956,6.051424,2.507623537656723
2024-12-22,12,357,3.2170507414471805,3.983489982478461,3.582014461767366,3.9915701450616896,12.289203601690557,3.442607000878316,8.502346000000001,3.523250553076679
2024-12-23,12,358,3.8620429918490107,4.447380780305772,3.582014461767366,3.9915701450616896,12.848897547614984,3.5993955413760563,9.340548,3.870589471075309
2024-12-24,12,359,4.947557030563201,5.5330803799883315,3.582014461767366,3.9915701450616896,14.991738951738427,4.199675352721397,11.681614999999999,4.840694146013209
2024-12-25,12,360,3.732908714148954,4.366825693263744,3.582014461767366,3.9915701450616896,15.158575576878215,4.246411736324817,9.8049,4.063010297141698
2024-12-26,12,361,1.1834048752434578,1.6001745195213564,3.582014461767366,3.9915701450616896,11.087314697889175,3.1059186939211902,4.781279999999999,1.981294033954212
2024-12-27,12,362,1.4811071673923104,1.9607262297647265,3.582014461767366,3.9915701450616896,11.405482626340632,3.195047914450278,5.28769,2.191143093564767
2024-12-28,12,363,3.786091656248459,4.628973632019295,3.582014461767366,3.9915701450616896,15.124666957568229,4.236912825409987,9.053471,3.7516288690219937
2024-12-29,12,364,3.4115128538355424,4.260750828561462,3.582014461767366,3.9915701450616896,14.433215949243298,4.043214831693264,9.126138000000001,3.7817410342926645
2024-12-30,12,365,4.8419566711069555,5.867033814093867,3.582014461767366,3.9915701450616896,14.792052814265364,4.143736748632476,12.627422999999999,5.232623451066702
2024-12-31,12,366,4.981965165682727,5.853037788762619,3.582014461767366,3.9915701450616896,15.531352514235348,4.350838722475092,12.672564999999999,5.251329650093063
